percentagee,amount,time
1.81,1958.35,1582607051876
1.82,1958.60,1582607054879
1.84,1958.95,1582607057874
1.87,1959.50,1582607061844
1.84,1958.95,1582607064805
1.89,1959.85,1582607066877
1.86,1959.20,1582607070843
1.89,1959.80,1582607072873
1.86,1959.25,1582607076808
1.86,1959.25,1582607079840
1.86,1959.25,1582607082843
1.88,1959.60,1582607085804
1.90,1960.00,1582607088839
1.88,1959.60,1582607091798
1.90,1960.00,1582607093978
1.86,1959.30,1582607097825
1.89,1959.90,1582607100822
1.89,1959.90,1582607103825
1.89,1959.90,1582607106801
1.86,1959.35,1582607109840
1.90,1960.00,1582607112801
1.85,1959.00,1582607115809
1.85,1959.00,1582607118820
1.88,1959.65,1582607121817
1.88,1959.70,1582607124796
1.90,1960.00,1582607127817
1.90,1960.00,1582607130840
1.88,1959.70,1582607133803
1.88,1959.65,1582607136801
1.88,1959.65,1582607139839
1.88,1959.70,1582607142840
1.89,1959.90,1582607145802
1.88,1959.65,1582607148800
1.88,1959.65,1582607151816
1.89,1959.85,1582607154838
1.89,1959.80,1582607157801
1.89,1959.90,1582607160839
1.89,1959.90,1582607163837
1.89,1959.90,1582607166795
1.89,1959.90,1582607169824
1.88,1959.60,1582607172839
1.88,1959.60,1582607175838
1.85,1959.00,1582607178840
1.85,1959.00,1582607181838
1.84,1958.95,1582607184801
1.85,1959.00,1582607187839
1.81,1958.30,1582607190834
1.80,1958.20,1582607193839
1.81,1958.35,1582607196821
1.83,1958.75,1582607199838
1.81,1958.40,1582607202831
1.81,1958.40,1582607205837
1.82,1958.50,1582607208798
1.85,1959.00,1582607211838
1.82,1958.50,1582607214836
1.80,1958.20,1582607217800
1.82,1958.50,1582607220811
1.80,1958.20,1582607223836
1.82,1958.50,1582607226800
1.80,1958.20,1582607229810
1.82,1958.50,1582607232837
1.82,1958.50,1582607235809
1.82,1958.50,1582607238800
1.81,1958.30,1582607241802
1.84,1958.80,1582607244836
1.82,1958.50,1582607247836
1.85,1959.00,1582607250831
1.81,1958.25,1582607253837
1.81,1958.25,1582607256797
1.79,1958.00,1582607259826
1.79,1957.95,1582607262830
1.79,1957.95,1582607265834
1.79,1958.00,1582607268808
1.80,1958.20,1582607271830
1.75,1957.25,1582607274792
1.75,1957.25,1582607277798
1.80,1958.20,1582607280799
1.82,1958.50,1582607283834
1.78,1957.75,1582607286836
1.82,1958.50,1582607289802
1.79,1958.00,1582607292835
1.79,1958.00,1582607295826
1.77,1957.55,1582607298835
1.73,1956.85,1582607301835
1.74,1956.95,1582607304835
1.74,1957.00,1582607307797
1.74,1956.95,1582607310813
1.74,1957.00,1582607313835
1.74,1956.95,1582607316820
1.74,1957.00,1582607319832
1.76,1957.35,1582607322835
1.72,1956.50,1582607325834
1.75,1957.10,1582607328818
1.76,1957.35,1582607331809
1.76,1957.35,1582607334820
1.74,1957.00,1582607337833
1.74,1957.00,1582607340834
1.74,1957.00,1582607343833
1.73,1956.80,1582607346832
1.76,1957.35,1582607349834
1.71,1956.45,1582607352809
1.73,1956.80,1582607355834
1.73,1956.85,1582607358805
1.74,1956.90,1582607361831
1.74,1956.90,1582607364821
1.74,1957.00,1582607367825
1.76,1957.35,1582607370833
1.74,1957.00,1582607373789
1.74,1957.00,1582607376828
1.74,1957.00,1582607379833
1.74,1957.00,1582607382802
1.75,1957.10,1582607385803
1.74,1957.00,1582607388832
1.75,1957.25,1582607391832
1.76,1957.30,1582607394832
1.76,1957.35,1582607397833
1.76,1957.35,1582607400825
1.79,1957.85,1582607403832
1.74,1957.00,1582607406831
1.74,1957.00,1582607409811
1.69,1956.00,1582607412794
1.71,1956.45,1582607415832
1.66,1955.50,1582607418819
1.69,1956.00,1582607421832
1.74,1956.90,1582607424793
1.74,1956.90,1582607427830
1.69,1956.10,1582607430806
1.69,1956.10,1582607433831
1.69,1956.10,1582607436831
1.69,1956.00,1582607439789
1.73,1956.70,1582607442831
1.69,1956.00,1582607445814
1.74,1956.90,1582607448815
1.74,1956.90,1582607451786
1.72,1956.50,1582607453862
1.72,1956.50,1582607456865
1.73,1956.85,1582607459862
1.69,1956.10,1582607462865
1.69,1956.00,1582607466825
1.72,1956.50,1582607469815
1.72,1956.50,1582607472794
1.73,1956.80,1582607475798
1.73,1956.80,1582607478791
1.73,1956.80,1582607481830
1.73,1956.80,1582607484791
1.73,1956.80,1582607487829
1.72,1956.50,1582607490830
1.73,1956.70,1582607493826
1.71,1956.45,1582607496827
1.72,1956.50,1582607499785
1.71,1956.40,1582607502828
1.69,1956.00,1582607505803
1.71,1956.40,1582607508798
1.73,1956.70,1582607511826
1.72,1956.50,1582607514789
1.73,1956.75,1582607517812
1.73,1956.75,1582607520791
1.73,1956.70,1582607523788
1.71,1956.40,1582607526296
1.72,1956.50,1582607529791
1.72,1956.50,1582607532789
1.72,1956.50,1582607535820
1.73,1956.80,1582607538821
1.72,1956.55,1582607541823
1.70,1956.25,1582607544820
1.72,1956.50,1582607547826
1.70,1956.15,1582607550800
1.72,1956.50,1582607553794
1.82,1958.55,1582607556782
1.86,1959.25,1582607559825
1.80,1958.15,1582607562804
1.86,1959.20,1582607565824
1.84,1958.90,1582607568824
1.82,1958.50,1582607571781
1.84,1958.95,1582607574826
1.85,1959.15,1582607577823
1.92,1960.50,1582607580823
1.95,1961.00,1582607583803
1.95,1961.00,1582607586825
1.97,1961.40,1582607589824
1.95,1961.10,1582607592802
1.93,1960.65,1582607595824
1.89,1959.90,1582607598793
1.90,1960.00,1582607601796
1.89,1959.95,1582607604793
1.89,1959.95,1582607607826
1.88,1959.75,1582607610809
1.93,1960.55,1582607613823
1.90,1960.00,1582607616822
1.95,1960.95,1582607619786
1.90,1960.00,1582607622822
1.90,1960.00,1582607625821
1.95,1960.95,1582607628779
1.93,1960.60,1582607631818
1.90,1960.00,1582607634824
1.92,1960.40,1582607637809
1.94,1960.80,1582607640791
1.92,1960.40,1582607643819
1.92,1960.40,1582607646819
1.92,1960.40,1582607649820
1.92,1960.40,1582607652822
1.92,1960.40,1582607655820
1.99,1961.80,1582607658822
1.99,1961.75,1582607660860
1.96,1961.25,1582607664823
1.94,1960.90,1582607667780
1.85,1959.15,1582607670778
1.90,1960.00,1582607673823
1.90,1960.05,1582607676778
1.86,1959.20,1582607679821
1.95,1961.00,1582607682778
1.95,1961.00,1582607685821
1.98,1961.60,1582607688816
1.98,1961.65,1582607691780
1.98,1961.50,1582607694780
1.98,1961.50,1582607697816
1.94,1960.75,1582607700818
1.98,1961.50,1582607703817
1.98,1961.50,1582607706815
1.98,1961.60,1582607709784
1.97,1961.45,1582607712785
1.98,1961.50,1582607715777
2.01,1962.20,1582607718817
2.05,1963.00,1582607721817
2.05,1962.95,1582607724815
2.04,1962.75,1582607727814
2.11,1964.05,1582607730817
2.07,1963.30,1582607733783
2.05,1962.85,1582607736817
2.05,1963.00,1582607739817
2.12,1964.25,1582607742778
2.19,1965.55,1582607745804
2.16,1965.05,1582607748815
2.21,1966.00,1582607751816
2.19,1965.55,1582607754814
2.17,1965.20,1582607757815
2.20,1965.90,1582607760814
2.17,1965.30,1582607763781
2.16,1965.00,1582607766781
2.06,1963.10,1582607769814
2.10,1963.85,1582607772782
2.10,1963.80,1582607775816
2.06,1963.15,1582607778780
2.09,1963.70,1582607781813
2.10,1963.80,1582607784820
2.11,1964.10,1582607787815
2.09,1963.70,1582607790791
2.09,1963.70,1582607793813
2.08,1963.45,1582607796779
2.08,1963.55,1582607799815
2.09,1963.75,1582607802814
2.10,1963.90,1582607805814
2.08,1963.50,1582607808789
2.11,1964.05,1582607811814
2.11,1964.00,1582607814814
2.02,1962.30,1582607817814
2.07,1963.25,1582607820780
2.11,1964.00,1582607823799
2.11,1964.00,1582607826790
2.16,1965.00,1582607829776
2.12,1964.25,1582607832811
2.16,1965.05,1582607835799
2.12,1964.25,1582607838776
2.16,1965.00,1582607841815
2.16,1965.00,1582607844816
2.10,1963.85,1582607847815
2.14,1964.75,1582607850816
2.16,1965.00,1582607853774
2.14,1964.65,1582607856801
2.11,1964.00,1582607859814
2.16,1965.00,1582607862777
2.06,1963.10,1582607865777
2.10,1963.85,1582607868782
2.10,1963.85,1582607871778
2.10,1963.85,1582607874815
2.05,1963.00,1582607877815
2.08,1963.55,1582607880783
2.00,1962.00,1582607883776
2.00,1962.00,1582607886815
2.05,1962.95,1582607889808
2.03,1962.50,1582607892806
2.05,1963.00,1582607895773
2.00,1962.00,1582607898813
2.00,1962.00,1582607901780
2.00,1962.00,1582607904813
2.02,1962.45,1582607907813
2.03,1962.55,1582607910793
2.00,1961.95,1582607913809
2.03,1962.60,1582607916783
2.02,1962.45,1582607919814
2.03,1962.55,1582607922812
1.98,1961.60,1582607925813
2.00,1962.00,1582607928777
2.03,1962.55,1582607931815
2.00,1962.05,1582607934814
2.00,1962.05,1582607937815
2.00,1962.05,1582607940808
2.00,1962.00,1582607943813
2.00,1962.05,1582607946785
2.00,1961.90,1582607949792
2.00,1961.90,1582607952791
2.00,1961.90,1582607955779
1.98,1961.65,1582607958770
1.98,1961.60,1582607961784
2.00,1961.90,1582607964780
2.00,1961.90,1582607967794
1.98,1961.65,1582607970812
2.00,1961.90,1582607973776
1.98,1961.65,1582607976782
2.03,1962.60,1582607979792
2.00,1962.00,1582607982811
1.98,1961.65,1582607985811
2.02,1962.35,1582607988812
2.02,1962.40,1582607991811
2.02,1962.40,1582607994811
2.03,1962.60,1582607997811
2.02,1962.35,1582608000812
2.00,1962.00,1582608003811
2.03,1962.50,1582608006812
2.03,1962.55,1582608009811
2.03,1962.60,1582608012811
2.11,1964.00,1582608015812
2.08,1963.60,1582608018816
2.11,1964.00,1582608021811
2.08,1963.60,1582608024812
2.11,1964.15,1582608027768
2.11,1964.00,1582608030811
2.08,1963.60,1582608033810
2.03,1962.60,1582608036805
2.06,1963.20,1582608039808
2.05,1963.00,1582608042809
2.05,1963.00,1582608045768
2.00,1962.00,1582608048773
2.05,1963.00,1582608051809
2.02,1962.30,1582608054810
2.01,1962.20,1582608057804
2.05,1963.00,1582608060808
2.01,1962.10,1582608063808
2.05,1962.95,1582608066809
2.00,1962.00,1582608069803
2.01,1962.10,1582608072771
2.05,1963.00,1582608075803
2.08,1963.50,1582608078810
2.05,1963.00,1582608081808
2.06,1963.10,1582608084807
2.08,1963.50,1582608087808
2.05,1963.00,1582608090787
2.05,1963.00,1582608093808
2.05,1963.00,1582608096807
2.05,1963.00,1582608099808
2.05,1963.00,1582608102809
2.00,1962.05,1582608105771
2.05,1962.95,1582608108771
2.05,1962.95,1582608111807
2.01,1962.15,1582608114770
2.00,1962.05,1582608117775
2.00,1962.00,1582608120772
1.98,1961.65,1582608123808
1.94,1960.80,1582608126808
1.89,1959.95,1582608129797
1.85,1959.00,1582608132784
1.86,1959.30,1582608135787
1.89,1959.80,1582608138793
1.89,1959.95,1582608141770
1.91,1960.15,1582608144807
1.95,1961.00,1582608147805
1.95,1961.10,1582608150770
1.96,1961.25,1582608153768
1.98,1961.65,1582608156808
1.96,1961.25,1582608159807
1.96,1961.20,1582608162807
1.96,1961.20,1582608165787
1.99,1961.75,1582608168802
1.96,1961.20,1582608171806
1.99,1961.80,1582608174806
1.95,1961.05,1582608177768
1.96,1961.20,1582608180806
1.91,1960.15,1582608183807
1.95,1961.00,1582608186774
1.95,1961.00,1582608189804
1.91,1960.15,1582608192806
1.95,1961.00,1582608195805
1.95,1961.00,1582608198804
1.95,1961.00,1582608201805
1.96,1961.20,1582608204804
1.95,1961.05,1582608207806
1.97,1961.45,1582608210804
1.95,1961.00,1582608213785
1.99,1961.80,1582608216767
1.99,1961.80,1582608219771
2.00,1962.00,1582608222767
2.02,1962.35,1582608225786
2.00,1962.00,1582608228804
2.02,1962.45,1582608231765
2.05,1962.90,1582608234803
2.05,1962.85,1582608237805
2.05,1963.00,1582608240804
2.05,1962.95,1582608243803
2.01,1962.15,1582608246804
1.95,1961.00,1582608249799
2.03,1962.50,1582608252766
2.03,1962.50,1582608255802
2.03,1962.50,1582608258803
2.01,1962.20,1582608261801
2.00,1962.00,1582608264765
2.00,1962.00,1582608267803
2.00,1962.00,1582608270802
1.96,1961.15,1582608273801
1.97,1961.45,1582608276799
1.96,1961.20,1582608279802
2.00,1961.95,1582608282784
2.00,1961.95,1582608285803
1.97,1961.40,1582608288804
2.00,1961.95,1582608291804
2.00,1962.00,1582608294787
2.00,1961.95,1582608297801
1.97,1961.40,1582608300802
1.96,1961.25,1582608303801
2.00,1962.00,1582608306765
1.94,1960.85,1582608309801
1.95,1961.00,1582608312758
1.93,1960.60,1582608315803
1.95,1960.95,1582608318802
1.93,1960.60,1582608321796
1.95,1960.95,1582608324801
1.94,1960.85,1582608327800
1.94,1960.85,1582608330802
1.95,1960.95,1582608333795
1.95,1960.95,1582608336801
1.93,1960.60,1582608339802
1.89,1959.80,1582608342801
1.92,1960.50,1582608345757
1.92,1960.45,1582608348799
1.93,1960.55,1582608351801
1.93,1960.60,1582608354800
1.90,1960.00,1582608357796
1.90,1960.00,1582608360784
1.93,1960.60,1582608363775
1.91,1960.30,1582608366801
1.90,1960.05,1582608369786
1.93,1960.60,1582608372800
1.90,1960.05,1582608375765
1.93,1960.60,1582608378761
1.93,1960.60,1582608381798
1.90,1960.05,1582608384784
1.94,1960.85,1582608387800
1.92,1960.40,1582608390800
1.94,1960.85,1582608393773
1.94,1960.90,1582608396800
1.94,1960.90,1582608399798
1.94,1960.90,1582608402788
1.94,1960.90,1582608405771
1.94,1960.85,1582608408798
1.94,1960.85,1582608411799
1.94,1960.85,1582608413834
1.95,1961.00,1582608417797
1.94,1960.90,1582608420760
1.95,1961.00,1582608423793
1.99,1961.80,1582608426798
1.95,1961.00,1582608429759
1.99,1961.70,1582608432759
1.95,1961.00,1582608435759
1.95,1961.00,1582608438776
1.95,1961.00,1582608441792
1.95,1961.00,1582608444798
1.95,1961.10,1582608447797
2.00,1961.90,1582608450798
1.99,1961.70,1582608453763
2.00,1962.00,1582608456798
2.00,1962.00,1582608459795
1.95,1961.05,1582608462796
1.96,1961.15,1582608465796
1.95,1961.10,1582608468753
1.98,1961.50,1582608471795
1.96,1961.15,1582608474770
1.98,1961.50,1582608477797
2.00,1962.00,1582608480752
1.99,1961.70,1582608483796
1.99,1961.70,1582608486796
2.01,1962.25,1582608489764
2.01,1962.25,1582608492795
2.02,1962.40,1582608495758
2.03,1962.60,1582608498797
2.00,1962.00,1582608501772
1.99,1961.70,1582608504793
2.00,1962.00,1582608507792
2.00,1962.00,1582608510790
2.00,1962.00,1582608513795
2.00,1962.00,1582608516759
2.00,1962.00,1582608519752
2.00,1962.00,1582608522756
2.00,1962.00,1582608525753
2.00,1962.00,1582608528757
2.00,1962.00,1582608531795
2.04,1962.70,1582608534763
1.96,1961.20,1582608537757
1.97,1961.30,1582608540778
2.05,1962.90,1582608543773
2.05,1963.00,1582608546794
2.05,1963.00,1582608549759
2.01,1962.15,1582608552794
2.05,1962.95,1582608555794
2.01,1962.15,1582608558795
2.04,1962.75,1582608561795
2.04,1962.75,1582608564794
2.05,1963.00,1582608567794
2.11,1964.00,1582608570794
2.10,1963.95,1582608573793
2.11,1964.00,1582608576758
2.15,1964.95,1582608579754
2.13,1964.40,1582608582793
2.14,1964.65,1582608585793
2.15,1964.80,1582608588755
2.05,1963.00,1582608591793
2.08,1963.60,1582608594793
2.05,1962.95,1582608597788
2.05,1963.00,1582608600788
2.08,1963.55,1582608603792
2.05,1963.00,1582608606751
2.11,1964.00,1582608609793
2.11,1964.00,1582608612761
2.06,1963.05,1582608615753
2.11,1964.00,1582608618768
2.06,1963.05,1582608621763
2.10,1963.80,1582608624761
2.09,1963.75,1582608627793
2.05,1963.00,1582608630791
2.09,1963.70,1582608633791
2.09,1963.70,1582608636786
2.05,1963.00,1582608639786
2.10,1963.80,1582608642790
2.09,1963.70,1582608645789
2.09,1963.65,1582608648791
2.05,1963.00,1582608651792
2.01,1962.25,1582608654792
2.01,1962.25,1582608657791
2.05,1962.90,1582608660791
2.01,1962.25,1582608663791
2.01,1962.25,1582608666790
2.00,1962.00,1582608669749
2.05,1962.95,1582608672793
2.05,1962.85,1582608675748
2.05,1962.85,1582608678790
2.05,1963.00,1582608681746
2.05,1963.00,1582608684746
2.09,1963.70,1582608687789
2.05,1963.00,1582608690790
2.05,1963.00,1582608693751
2.00,1962.00,1582608696790
2.00,1962.00,1582608699787
2.05,1963.00,1582608702790
2.05,1963.00,1582608705787
2.05,1962.95,1582608708789
2.00,1962.05,1582608711790
2.05,1963.00,1582608714761
2.05,1963.00,1582608717757
2.05,1963.00,1582608720764
2.05,1963.00,1582608723781
2.05,1962.95,1582608726763
2.01,1962.15,1582608729780
2.05,1963.00,1582608732781
2.05,1963.00,1582608735768
2.01,1962.20,1582608738789
2.04,1962.75,1582608741789
2.01,1962.15,1582608744788
2.04,1962.75,1582608747788
2.01,1962.15,1582608750771
2.01,1962.15,1582608753749
2.01,1962.15,1582608756787
2.00,1962.00,1582608759770
2.04,1962.80,1582608762765
2.00,1962.00,1582608765788
2.01,1962.10,1582608768788
2.04,1962.75,1582608771762
2.03,1962.50,1582608774788
2.03,1962.50,1582608777785
2.00,1961.90,1582608780787
1.98,1961.65,1582608783785
2.00,1962.00,1582608786788
1.98,1961.50,1582608789782
2.04,1962.65,1582608792788
2.01,1962.20,1582608795756
2.01,1962.20,1582608798763
2.01,1962.20,1582608801786
2.00,1962.00,1582608804787
1.98,1961.50,1582608807744
1.95,1961.10,1582608810780
2.03,1962.55,1582608813786
2.00,1962.00,1582608816786
1.98,1961.50,1582608819780
1.99,1961.70,1582608822784
1.98,1961.65,1582608825786
1.98,1961.65,1582608828786
2.00,1962.00,1582608831786
1.98,1961.55,1582608834763
1.98,1961.60,1582608837783
2.00,1962.00,1582608840787
1.98,1961.50,1582608843784
2.00,1962.00,1582608846748
1.98,1961.55,1582608849758
1.95,1961.00,1582608852786
1.95,1961.00,1582608855767
1.95,1961.00,1582608858777
1.95,1961.00,1582608861748
1.95,1961.00,1582608864785
1.97,1961.45,1582608867785
1.92,1960.50,1582608870783
1.95,1961.00,1582608873785
1.95,1961.00,1582608876754
1.93,1960.70,1582608879760
1.94,1960.80,1582608882785
1.93,1960.70,1582608885764
1.91,1960.25,1582608888777
1.92,1960.35,1582608891759
1.92,1960.45,1582608894744
1.93,1960.55,1582608897784
1.92,1960.45,1582608900778
1.91,1960.30,1582608903781
1.95,1960.95,1582608906741
1.95,1960.95,1582608909740
1.95,1960.95,1582608912761
1.95,1960.95,1582608915782
1.92,1960.35,1582608918784
1.98,1961.50,1582608921769
1.98,1961.50,1582608924756
1.95,1961.00,1582608927783
1.95,1961.00,1582608930776
1.97,1961.40,1582608933783
1.93,1960.55,1582608936742
1.95,1961.00,1582608939781
1.95,1961.00,1582608942767
1.92,1960.50,1582608945782
1.92,1960.35,1582608948745
1.92,1960.35,1582608951776
1.91,1960.30,1582608954782
1.94,1960.90,1582608957782
1.94,1960.90,1582608960757
1.91,1960.30,1582608963782
1.91,1960.30,1582608966781
1.95,1961.00,1582608969782
1.92,1960.35,1582608972777
1.95,1960.95,1582608975744
1.91,1960.25,1582608978739
1.91,1960.30,1582608981782
1.94,1960.90,1582608984780
1.92,1960.40,1582608987757
1.92,1960.40,1582608990744
1.92,1960.40,1582608993780
1.92,1960.50,1582608996768
1.92,1960.40,1582608999777
1.91,1960.25,1582609002780
1.91,1960.25,1582609005780
1.95,1960.95,1582609008760
1.90,1960.00,1582609011775
1.90,1960.00,1582609014753
1.90,1960.00,1582609017770
1.90,1960.00,1582609020780
1.93,1960.65,1582609023781
1.93,1960.55,1582609026757
1.95,1960.95,1582609029780
1.95,1961.05,1582609032778
1.90,1960.00,1582609035738
1.90,1960.10,1582609038746
1.91,1960.20,1582609041780
1.91,1960.15,1582609044774
1.95,1960.95,1582609047780
1.91,1960.15,1582609050765
1.95,1961.10,1582609053747
1.95,1961.00,1582609056779
1.95,1960.95,1582609059779
1.95,1961.00,1582609062779
1.91,1960.20,1582609065741
1.91,1960.20,1582609068779
1.91,1960.30,1582609071778
1.95,1961.00,1582609074778
1.91,1960.30,1582609077740
1.91,1960.30,1582609080777
1.91,1960.30,1582609083776
1.95,1961.00,1582609086738
1.91,1960.25,1582609089771
1.91,1960.30,1582609092777
1.95,1961.00,1582609095776
1.98,1961.50,1582609098777
1.97,1961.30,1582609101774
2.00,1962.00,1582609104776
2.00,1962.00,1582609107776
2.00,1961.95,1582609110776
1.98,1961.50,1582609113773
1.98,1961.50,1582609116774
1.98,1961.50,1582609119775
1.99,1961.85,1582609122776
1.99,1961.85,1582609125773
1.99,1961.85,1582609128746
2.00,1961.90,1582609131732
1.98,1961.55,1582609134760
1.98,1961.55,1582609137768
2.02,1962.45,1582609140738
2.00,1961.95,1582609143775
2.00,1961.95,1582609146766
2.00,1962.00,1582609149737
2.05,1962.95,1582609152775
2.01,1962.20,1582609155731
2.01,1962.15,1582609158775
2.03,1962.50,1582609161735
2.05,1962.95,1582609164754
2.02,1962.45,1582609167775
2.03,1962.50,1582609170771
2.03,1962.50,1582609173739
2.05,1962.95,1582609176774
2.05,1963.00,1582609179756
2.04,1962.70,1582609182769
2.04,1962.75,1582609185774
2.10,1963.90,1582609188775
2.05,1962.90,1582609191731
2.05,1962.90,1582609194772
2.05,1962.90,1582609197771
2.04,1962.70,1582609200749
2.03,1962.50,1582609203749
2.02,1962.45,1582609206767
2.02,1962.45,1582609209768
2.01,1962.25,1582609212769
2.01,1962.25,1582609215768
2.03,1962.50,1582609218768
2.05,1962.90,1582609221772
2.05,1962.90,1582609224766
2.02,1962.30,1582609227767
2.01,1962.25,1582609230769
2.02,1962.35,1582609233758
2.02,1962.35,1582609236771
1.97,1961.30,1582609239772
2.00,1962.00,1582609242771
2.01,1962.10,1582609245744
2.00,1962.00,1582609248734
2.00,1962.05,1582609251729
2.00,1962.05,1582609254744
2.00,1962.05,1582609257767
2.00,1962.05,1582609260767
2.00,1962.00,1582609263772
2.00,1962.00,1582609266754
2.00,1962.00,1582609269735
2.00,1962.00,1582609272767
2.03,1962.50,1582609275758
2.01,1962.15,1582609278767
2.04,1962.80,1582609281767
2.00,1962.00,1582609284767
2.04,1962.70,1582609287766
2.04,1962.70,1582609290734
1.98,1961.55,1582609293769
2.00,1962.00,1582609296747
2.05,1962.90,1582609299730
2.00,1962.00,1582609302765
1.98,1961.60,1582609305770
2.00,1962.00,1582609308766
2.01,1962.10,1582609311726
2.01,1962.25,1582609314765
1.97,1961.40,1582609317771
1.95,1961.10,1582609320728
2.02,1962.40,1582609323768
2.02,1962.35,1582609326728
2.02,1962.35,1582609329767
2.00,1962.00,1582609332764
2.00,1962.00,1582609335765
2.00,1962.00,1582609338764
1.97,1961.35,1582609341765
2.03,1962.50,1582609344765
2.00,1962.00,1582609347764
2.00,1962.00,1582609350746
2.00,1961.95,1582609353764
1.98,1961.50,1582609356730
2.00,1962.00,1582609359730
2.02,1962.45,1582609362754
1.97,1961.45,1582609365764
2.00,1961.95,1582609368769
2.00,1961.95,1582609371764
1.97,1961.45,1582609374755
1.97,1961.45,1582609377762
2.00,1962.00,1582609380763
2.00,1962.00,1582609383762
1.97,1961.45,1582609386761
2.00,1962.00,1582609389763
2.00,1962.00,1582609392762
2.00,1962.00,1582609395741
2.00,1961.95,1582609398766
2.00,1961.95,1582609401761
2.00,1961.95,1582609404762
2.00,1961.95,1582609407730
2.00,1961.95,1582609410760
2.00,1961.95,1582609413762
2.00,1962.00,1582609416745
2.00,1961.95,1582609419761
1.98,1961.55,1582609422761
2.00,1962.00,1582609425739
2.00,1962.00,1582609428733
2.00,1962.00,1582609431762
2.00,1962.00,1582609434740
2.00,1962.00,1582609437724
2.00,1962.00,1582609440764
2.00,1962.00,1582609443765
2.00,1962.00,1582609446738
2.00,1962.00,1582609449765
2.00,1962.00,1582609452761
1.96,1961.15,1582609455722
1.99,1961.85,1582609458764
2.00,1962.00,1582609461764
2.00,1962.00,1582609464764
2.00,1962.05,1582609467763
2.03,1962.50,1582609470738
2.03,1962.55,1582609473764
2.00,1962.00,1582609476761
2.05,1962.90,1582609479763
2.01,1962.10,1582609482759
2.05,1962.85,1582609485738
2.03,1962.55,1582609488721
2.05,1963.00,1582609491764
2.04,1962.80,1582609494764
2.04,1962.80,1582609497725
2.05,1963.00,1582609500725
2.05,1962.90,1582609503745
2.10,1963.90,1582609506724
2.06,1963.20,1582609509764
2.11,1964.00,1582609512721
2.11,1964.00,1582609515762
2.11,1964.00,1582609518760
2.07,1963.30,1582609521752
2.10,1963.90,1582609524732
2.15,1964.90,1582609527764
2.21,1965.95,1582609530763
2.40,1969.70,1582609533761
2.36,1968.90,1582609536763
2.26,1967.00,1582609539737
2.24,1966.50,1582609542762
2.25,1966.85,1582609545721
2.26,1967.00,1582609548765
2.25,1966.80,1582609551740
2.24,1966.50,1582609554762
2.29,1967.60,1582609557761
2.25,1966.70,1582609560727
2.21,1966.00,1582609563739
2.16,1965.00,1582609566761
2.12,1964.20,1582609569762
2.15,1964.80,1582609572762
2.14,1964.70,1582609575760
2.14,1964.60,1582609578754
2.11,1964.00,1582609581762
2.11,1964.00,1582609584747
2.11,1964.00,1582609587761
2.11,1964.00,1582609590735
2.16,1965.00,1582609593759
2.19,1965.70,1582609596739
2.28,1967.45,1582609599721
2.26,1967.00,1582609602759
2.26,1967.00,1582609605755
2.29,1967.50,1582609608759
2.29,1967.50,1582609611761
2.37,1969.00,1582609614760
2.31,1968.00,1582609617742
2.36,1968.90,1582609620739
2.30,1967.80,1582609623758
2.31,1968.00,1582609626756
2.29,1967.50,1582609629759
2.31,1968.00,1582609632715
2.31,1968.00,1582609635724
2.30,1967.80,1582609638745
2.26,1967.00,1582609641759
2.26,1967.05,1582609644720
2.21,1966.10,1582609647728
2.22,1966.15,1582609650760
2.20,1965.85,1582609653728
2.25,1966.80,1582609656759
2.30,1967.80,1582609659759
2.21,1966.10,1582609662756
2.19,1965.55,1582609664795
2.26,1967.00,1582609667794
2.25,1966.70,1582609670794
2.26,1966.90,1582609673796
2.26,1966.95,1582609676797
2.22,1966.15,1582609679798
2.30,1967.75,1582609683736
2.22,1966.15,1582609686756
2.26,1967.00,1582609689721
2.30,1967.70,1582609692756
2.27,1967.10,1582609695721
2.22,1966.15,1582609698758
2.23,1966.30,1582609701758
2.24,1966.65,1582609704729
2.21,1966.00,1582609707756
2.18,1965.50,1582609710717
2.16,1965.00,1582609713755
2.21,1966.00,1582609716756
2.18,1965.40,1582609719755
2.18,1965.40,1582609722755
2.18,1965.40,1582609725718
2.22,1966.25,1582609728730
2.16,1965.00,1582609731714
2.21,1966.00,1582609734753
2.25,1966.85,1582609737754
2.25,1966.85,1582609740732
2.21,1966.00,1582609743754
2.24,1966.50,1582609746791
2.24,1966.50,1582609749733
2.25,1966.85,1582609752755
2.21,1966.00,1582609755755
2.21,1966.05,1582609758745
2.21,1966.05,1582609761756
2.22,1966.15,1582609764753
2.24,1966.50,1582609767719
2.24,1966.50,1582609770733
2.22,1966.15,1582609773713
2.21,1966.10,1582609776753
2.22,1966.25,1582609779753
2.21,1966.05,1582609782726
2.21,1966.10,1582609785716
2.24,1966.50,1582609788753
2.21,1966.00,1582609791735
2.17,1965.20,1582609794727
2.17,1965.20,1582609797753
2.21,1965.95,1582609800754
2.16,1965.10,1582609803754
2.16,1965.10,1582609806716
2.20,1965.80,1582609809713
2.20,1965.75,1582609812754
2.17,1965.15,1582609815731
2.17,1965.20,1582609818732
2.21,1966.00,1582609821750
2.20,1965.80,1582609824752
2.21,1966.00,1582609827714
2.21,1966.00,1582609830753
2.16,1965.00,1582609833714
2.20,1965.75,1582609836752
2.16,1965.00,1582609839710
2.15,1964.95,1582609842747
2.15,1964.90,1582609845751
2.15,1964.80,1582609848743
2.14,1964.70,1582609851718
2.14,1964.70,1582609854743
2.14,1964.70,1582609857752
2.14,1964.70,1582609860752
2.11,1964.10,1582609863750
2.13,1964.50,1582609866750
2.13,1964.50,1582609869712
2.11,1964.15,1582609872708
2.15,1964.80,1582609875750
2.18,1965.45,1582609878724
2.13,1964.50,1582609881751
2.13,1964.50,1582609884749
2.13,1964.50,1582609887750
2.13,1964.50,1582609890749
2.12,1964.20,1582609893751
2.16,1965.00,1582609896747
2.16,1965.00,1582609899731
2.12,1964.25,1582609902714
2.15,1964.95,1582609905709
2.12,1964.25,1582609908750
2.12,1964.25,1582609911726
2.12,1964.25,1582609914708
2.10,1963.80,1582609917722
2.10,1963.80,1582609920742
2.01,1962.20,1582609923752
2.01,1962.20,1582609926751
2.03,1962.55,1582609929751
2.04,1962.65,1582609932749
2.05,1962.85,1582609935751
2.05,1963.00,1582609938736
2.05,1963.00,1582609941747
2.05,1963.00,1582609944750
2.05,1963.00,1582609947705
2.02,1962.35,1582609950743
2.05,1963.00,1582609953746
2.05,1963.00,1582609956722
2.05,1963.00,1582609959704
2.10,1963.95,1582609962748
2.05,1963.00,1582609965747
2.05,1963.00,1582609968746
2.10,1963.95,1582609971722
2.08,1963.50,1582609974747
2.05,1963.00,1582609977743
2.02,1962.40,1582609980747
2.02,1962.45,1582609983722
2.05,1963.00,1582609986743
2.03,1962.50,1582609989704
2.02,1962.45,1582609992746
2.02,1962.45,1582609995745
2.02,1962.40,1582609998710
2.00,1962.00,1582610001708
2.05,1963.00,1582610004738
2.01,1962.20,1582610007746
2.02,1962.45,1582610010710
2.02,1962.45,1582610013714
2.02,1962.40,1582610016733
2.02,1962.40,1582610019723
2.00,1962.00,1582610022707
1.98,1961.60,1582610025745
2.00,1961.90,1582610028771
2.00,1962.00,1582610031712
2.00,1962.00,1582610034745
2.00,1961.90,1582610037718
2.00,1961.90,1582610040740
1.98,1961.50,1582610043746
1.98,1961.50,1582610046745
