-0.53,794.15,1582696779452
-0.53,794.15,1582696781452
-0.52,794.25,1582696783451
-0.53,794.15,1582696785452
-0.52,794.25,1582696787451
-0.52,794.25,1582696789450
-0.54,794.10,1582696791751
-0.55,794.00,1582696793662
-0.55,794.00,1582696795650
-0.54,794.05,1582696797706
-0.54,794.10,1582696799656
-0.54,794.10,1582696801769
-0.53,794.20,1582696803738
-0.55,794.00,1582696805748
-0.54,794.05,1582696807726
-0.54,794.10,1582696809649
-0.54,794.10,1582696811728
-0.54,794.10,1582696813689
-0.55,794.00,1582696815661
-0.55,794.00,1582696817728
-0.53,794.20,1582696819650
-0.54,794.10,1582696821650
-0.54,794.10,1582696823705
-0.54,794.10,1582696825768
-0.54,794.10,1582696827799
-0.55,794.00,1582696829664
-0.55,794.00,1582696831648
-0.53,794.20,1582696833648
-0.52,794.25,1582696835652
-0.53,794.20,1582696837648
-0.52,794.25,1582696839793
-0.53,794.20,1582696841729
-0.52,794.25,1582696843688
-0.53,794.20,1582696845784
-0.52,794.25,1582696847655
-0.52,794.25,1582696849689
-0.54,794.10,1582696851648
-0.54,794.10,1582696853663
-0.54,794.10,1582696855450
-0.54,794.10,1582696857776
-0.54,794.10,1582696859449
-0.53,794.15,1582696861449
-0.53,794.15,1582696863458
-0.53,794.20,1582696865645
-0.53,794.20,1582696867449
-0.54,794.05,1582696869730
-0.53,794.20,1582696871698
-0.54,794.05,1582696873751
-0.53,794.15,1582696875717
-0.53,794.15,1582696877713
-0.53,794.20,1582696879648
-0.53,794.15,1582696881796
-0.53,794.15,1582696883693
-0.53,794.15,1582696885761
-0.53,794.15,1582696887716
-0.52,794.25,1582696889667
-0.53,794.20,1582696891783
-0.53,794.20,1582696893727
-0.54,794.10,1582696895656
-0.54,794.10,1582696897743
-0.53,794.15,1582696899795
-0.53,794.20,1582696901730
-0.54,794.10,1582696903816
-0.54,794.10,1582696905783
-0.53,794.15,1582696907675
-0.53,794.15,1582696909751
-0.53,794.15,1582696911750
-0.54,794.10,1582696913707
-0.53,794.15,1582696915719
-0.53,794.15,1582696917770
-0.53,794.15,1582696919680
-0.54,794.10,1582696921792
-0.54,794.10,1582696923723
-0.53,794.15,1582696925711
-0.53,794.15,1582696927692
-0.55,794.00,1582696929645
-0.54,794.10,1582696931657
-0.55,794.00,1582696933727
-0.55,794.00,1582696935810
-0.54,794.10,1582696937660
-0.54,794.10,1582696939824
-0.54,794.05,1582696941794
-0.54,794.10,1582696943660
-0.55,794.00,1582696945720
-0.55,794.00,1582696947800
-0.54,794.05,1582696949649
-0.55,794.00,1582696951717
-0.54,794.05,1582696953679
-0.54,794.10,1582696955650
-0.55,794.00,1582696957758
-0.55,794.00,1582696959750
-0.54,794.10,1582696961659
-0.54,794.10,1582696963644
-0.53,794.15,1582696965646
-0.54,794.10,1582696967743
-0.53,794.15,1582696969758
-0.53,794.15,1582696971644
-0.55,794.00,1582696973661
-0.54,794.10,1582696975747
-0.54,794.10,1582696977768
-0.53,794.15,1582696979690
-0.54,794.10,1582696981791
-0.53,794.15,1582696983781
-0.54,794.10,1582696985718
-0.55,794.00,1582696987770
-0.54,794.10,1582696989791
-0.53,794.15,1582696991692
-0.54,794.10,1582696993747
-0.55,794.00,1582696995643
-0.54,794.05,1582696997720
-0.55,794.00,1582696999662
-0.55,794.00,1582697001779
-0.54,794.05,1582697003673
-0.54,794.05,1582697005813
-0.53,794.15,1582697007788
-0.53,794.20,1582697009661
-0.53,794.15,1582697011647
-0.54,794.05,1582697013768
-0.55,794.00,1582697015647
-0.54,794.05,1582697017653
-0.54,794.05,1582697019645
-0.55,794.00,1582697021675
-0.54,794.10,1582697023747
-0.54,794.05,1582697025665
-0.54,794.10,1582697027716
-0.54,794.10,1582697029729
-0.54,794.10,1582697031690
-0.54,794.05,1582697033717
-0.54,794.10,1582697035813
-0.55,794.00,1582697037757
-0.54,794.10,1582697039661
-0.54,794.10,1582697041791
-0.54,794.10,1582697043716
-0.54,794.05,1582697045446
-0.55,794.00,1582697047718
-0.54,794.05,1582697049791
-0.54,794.05,1582697051681
-0.54,794.10,1582697053712
-0.54,794.10,1582697055770
-0.54,794.10,1582697057685
-0.53,794.15,1582697059757
-0.54,794.10,1582697061791
-0.53,794.15,1582697063657
-0.53,794.15,1582697065755
-0.53,794.15,1582697067808
-0.53,794.15,1582697069687
-0.54,794.10,1582697071641
-0.54,794.10,1582697073769
-0.53,794.20,1582697075711
-0.53,794.15,1582697077642
-0.53,794.15,1582697079743
-0.53,794.20,1582697081650
-0.53,794.20,1582697083744
-0.53,794.15,1582697085676
-0.53,794.15,1582697087717
-0.53,794.20,1582697089648
-0.53,794.15,1582697091642
-0.53,794.15,1582697093710
-0.53,794.20,1582697095640
-0.53,794.15,1582697097700
-0.53,794.20,1582697099661
-0.53,794.15,1582697101790
-0.53,794.15,1582697103442
-0.53,794.15,1582697105705
-0.53,794.20,1582697107744
-0.53,794.20,1582697109776
-0.53,794.15,1582697111650
-0.54,794.10,1582697113748
-0.54,794.10,1582697115787
-0.55,794.00,1582697117650
-0.55,794.00,1582697119805
-0.54,794.05,1582697121688
-0.54,794.05,1582697123795
-0.55,794.00,1582697125715
-0.55,794.00,1582697127777
-0.54,794.10,1582697129649
-0.54,794.05,1582697131785
-0.54,794.05,1582697133710
-0.54,794.05,1582697135682
-0.54,794.05,1582697137778
-0.54,794.10,1582697139792
-0.54,794.10,1582697141714
-0.54,794.10,1582697143776
-0.55,794.00,1582697145785
-0.54,794.10,1582697147686
-0.54,794.10,1582697149742
-0.54,794.05,1582697151785
-0.54,794.05,1582697153726
-0.55,794.00,1582697155734
-0.55,794.00,1582697157762
-0.54,794.05,1582697159731
-0.55,794.00,1582697161709
-0.54,794.05,1582697163778
-0.55,794.00,1582697165645
-0.54,794.05,1582697167710
-0.55,794.00,1582697169782
-0.54,794.05,1582697171654
-0.55,794.00,1582697173741
-0.54,794.05,1582697175773
-0.54,794.10,1582697177644
-0.54,794.10,1582697179724
-0.55,794.00,1582697181711
-0.55,794.00,1582697183683
-0.55,794.00,1582697185675
-0.54,794.05,1582697187724
-0.54,794.05,1582697189715
-0.55,794.00,1582697191808
-0.55,794.00,1582697193640
-0.55,794.00,1582697195651
-0.54,794.05,1582697197702
-0.54,794.05,1582697199720
-0.54,794.05,1582697201698
-0.54,794.05,1582697203636
-0.54,794.05,1582697205638
-0.55,794.00,1582697207687
-0.55,794.00,1582697209678
-0.54,794.05,1582697211636
-0.55,794.00,1582697213654
-0.55,794.00,1582697215639
-0.55,794.00,1582697217771
-0.55,794.00,1582697219648
-0.55,794.00,1582697221753
-0.55,794.00,1582697223669
-0.53,794.20,1582697225642
-0.53,794.20,1582697227715
-0.53,794.15,1582697229772
-0.54,794.05,1582697231721
-0.54,794.05,1582697233752
-0.54,794.05,1582697235767
-0.54,794.10,1582697237654
-0.54,794.10,1582697239739
-0.55,794.00,1582697241781
-0.54,794.10,1582697243704
-0.54,794.10,1582697245721
-0.55,794.00,1582697247773
-0.54,794.10,1582697249699
-0.54,794.05,1582697251687
-0.54,794.10,1582697253795
-0.54,794.05,1582697255705
-0.55,794.00,1582697257708
-0.54,794.10,1582697259675
-0.55,794.00,1582697261658
-0.54,794.10,1582697263805
-0.55,794.00,1582697265789
-0.55,794.00,1582697267715
-0.54,794.05,1582697269643
-0.55,794.00,1582697271788
-0.54,794.05,1582697273662
-0.54,794.05,1582697275791
-0.54,794.05,1582697277733
-0.54,794.05,1582697279693
-0.54,794.05,1582697281671
-0.54,794.05,1582697283761
-0.54,794.05,1582697285714
-0.54,794.10,1582697287637
-0.54,794.05,1582697289789
-0.55,794.00,1582697291681
-0.54,794.05,1582697293705
-0.55,794.00,1582697295786
-0.55,794.00,1582697297662
-0.54,794.05,1582697299706
-0.55,794.00,1582697301742
-0.55,794.00,1582697303702
-0.55,794.00,1582697305681
-0.55,794.00,1582697307903
-0.55,794.00,1582697309908
-0.55,794.00,1582697311636
-0.55,794.00,1582697313903
-0.55,794.00,1582697315914
-0.54,794.05,1582697317679
-0.55,794.00,1582697319642
-0.55,794.00,1582697321641
-0.55,794.00,1582697323748
-0.55,794.00,1582697325784
-0.55,794.00,1582697327641
-0.55,794.00,1582697329670
-0.54,794.05,1582697331772
-0.54,794.05,1582697333640
-0.54,794.05,1582697335675
-0.54,794.05,1582697337789
-0.54,794.05,1582697339719
-0.54,794.05,1582697341810
-0.54,794.05,1582697343759
-0.55,794.00,1582697345736
-0.54,794.05,1582697347739
-0.55,794.00,1582697349730
-0.55,794.00,1582697351702
-0.54,794.05,1582697353703
-0.55,794.00,1582697355764
-0.55,794.00,1582697357755
-0.55,794.00,1582697359775
-0.55,794.00,1582697361782
-0.55,794.00,1582697363706
-0.54,794.05,1582697365781
-0.55,794.00,1582697367777
-0.55,794.00,1582697369675
-0.54,794.05,1582697371802
-0.54,794.05,1582697373727
-0.55,794.00,1582697375659
-0.54,794.05,1582697377781
-0.55,794.00,1582697379862
-0.55,794.00,1582697381697
-0.55,794.00,1582697383728
-0.55,794.00,1582697385710
-0.55,794.00,1582697387683
-0.55,794.00,1582697389688
-0.56,793.95,1582697391762
-0.54,794.05,1582697393646
-0.55,794.00,1582697395705
-0.55,794.00,1582697397634
-0.56,793.95,1582697399639
-0.56,793.90,1582697401630
-0.56,793.95,1582697403817
-0.56,793.95,1582697405641
-0.56,793.90,1582697407754
-0.56,793.95,1582697409773
-0.55,794.00,1582697411680
-0.55,794.00,1582697413700
-0.56,793.90,1582697415821
-0.55,794.00,1582697417634
-0.55,794.00,1582697419643
-0.55,794.00,1582697421777
-0.54,794.05,1582697423674
-0.55,794.00,1582697425691
-0.55,794.00,1582697427719
-0.55,794.00,1582697429654
-0.55,794.00,1582697431703
-0.54,794.05,1582697433631
-0.55,794.00,1582697435667
-0.55,794.00,1582697437767
-0.55,794.00,1582697439764
-0.54,794.05,1582697441667
-0.55,794.00,1582697443733
-0.55,794.00,1582697445795
-0.55,794.00,1582697447647
-0.55,794.00,1582697449794
-0.55,794.00,1582697451629
-0.55,794.00,1582697453672
-0.55,794.00,1582697455733
-0.55,794.00,1582697457631
-0.55,794.00,1582697459650
-0.55,794.00,1582697461716
-0.54,794.10,1582697463779
-0.55,794.00,1582697465670
-0.54,794.10,1582697467733
-0.54,794.10,1582697469629
-0.54,794.10,1582697471643
-0.55,794.00,1582697473733
-0.55,794.00,1582697475678
-0.56,793.95,1582697477664
-0.55,794.00,1582697479472
-0.55,794.00,1582697481504
-0.55,794.00,1582697483426
-0.56,793.90,1582697485531
-0.55,794.00,1582697487458
-0.55,794.00,1582697489442
-0.54,794.05,1582697491490
-0.55,794.00,1582697493657
-0.55,794.00,1582697495430
-0.55,794.00,1582697497455
-0.54,794.05,1582697499474
-0.54,794.05,1582697501487
-0.54,794.05,1582697503443
-0.55,794.00,1582697505508
-0.55,794.00,1582697507633
-0.55,794.00,1582697509470
-0.56,793.95,1582697511557
-0.55,794.00,1582697513486
-0.55,794.00,1582697515486
-0.55,794.00,1582697517657
-0.55,794.00,1582697519429
-0.54,794.05,1582697521482
-0.54,794.10,1582697523585
-0.55,794.00,1582697525430
-0.54,794.10,1582697527526
-0.55,794.00,1582697529495
-0.55,794.00,1582697531503
-0.54,794.05,1582697533488
-0.54,794.10,1582697535565
-0.54,794.05,1582697537422
-0.55,794.00,1582697539472
-0.56,793.95,1582697541411
-0.55,794.00,1582697543453
-0.55,794.00,1582697545582
-0.55,794.00,1582697547418
-0.55,794.00,1582697549458
-0.55,794.00,1582697551410
-0.55,794.00,1582697553412
-0.55,794.00,1582697555468
-0.56,793.95,1582697557548
-0.56,793.95,1582697559573
-0.55,794.00,1582697561428
-0.55,794.00,1582697563518
-0.54,794.10,1582697565608
-0.54,794.10,1582697567488
-0.55,794.00,1582697569419
-0.53,794.20,1582697571563
-0.53,794.20,1582697573474
-0.54,794.10,1582697575487
-0.55,794.00,1582697577605
-0.55,794.00,1582697579424
-0.54,794.10,1582697581526
-0.55,794.00,1582697583556
-0.55,794.00,1582697585419
-0.52,794.25,1582697587536
-0.54,794.05,1582697589502
-0.53,794.20,1582697591458
-0.54,794.10,1582697593515
-0.53,794.15,1582697595411
-0.54,794.10,1582697597435
-0.54,794.10,1582697599498
-0.55,794.00,1582697601580
-0.54,794.05,1582697603458
-0.52,794.25,1582697605559
-0.54,794.05,1582697607551
-0.53,794.15,1582697609427
-0.55,794.00,1582697611547
-0.55,794.00,1582697613551
-0.54,794.10,1582697615425
-0.54,794.05,1582697617554
-0.53,794.15,1582697619527
-0.53,794.15,1582697621485
-0.53,794.15,1582697623452
-0.54,794.10,1582697625684
-0.55,794.00,1582697627435
-0.55,794.00,1582697629408
-0.56,793.90,1582697631475
-0.56,793.90,1582697633495
-0.55,794.00,1582697635478
-0.55,794.00,1582697637579
-0.55,794.00,1582697639442
-0.55,794.00,1582697641525
-0.53,794.15,1582697643408
-0.55,794.00,1582697645425
-0.51,794.30,1582697647417
-0.55,794.00,1582697649409
-0.51,794.30,1582697651413
-0.55,794.00,1582697653577
-0.56,793.90,1582697655409
-0.56,793.95,1582697657416
-0.59,793.70,1582697659411
-0.58,793.75,1582697661410
-0.58,793.75,1582697663413
-0.59,793.65,1582697665408
-0.59,793.65,1582697667407
-0.59,793.65,1582697669410
-0.59,793.65,1582697671421
-0.59,793.65,1582697673679
-0.59,793.65,1582697675411
-0.59,793.65,1582697677523
-0.59,793.65,1582697679484
-0.59,793.65,1582697681422
-0.59,793.65,1582697683405
-0.59,793.65,1582697705682
-0.59,793.65,1582697707483
-0.58,793.80,1582697709406
-0.58,793.80,1582697711423
-0.58,793.80,1582697713494
-0.56,793.95,1582697715544
-0.53,794.20,1582697717442
-0.53,794.20,1582697719539
-0.53,794.20,1582697721510
-0.53,794.20,1582697723451
-0.53,794.20,1582697725494
-0.52,794.25,1582697727543
-0.54,794.05,1582697729434
-0.56,793.95,1582697731476
-0.56,793.95,1582697733541
-0.55,794.00,1582697735415
-0.56,793.90,1582697737518
-0.58,793.75,1582697739484
-0.57,793.85,1582697741466
-0.58,793.80,1582697743508
-0.59,793.65,1582697745499
-0.60,793.60,1582697747444
-0.59,793.65,1582697749485
-0.60,793.60,1582697751525
-0.60,793.60,1582697753412
-0.61,793.50,1582697755462
-0.61,793.50,1582697757404
-0.62,793.45,1582697759409
-0.61,793.50,1582697761528
-0.60,793.60,1582697763517
-0.59,793.65,1582697765422
-0.59,793.65,1582697767494
-0.59,793.70,1582697769543
-0.59,793.70,1582697771411
-0.58,793.75,1582697773444
-0.58,793.75,1582697775524
-0.58,793.75,1582697777510
-0.58,793.80,1582697779541
-0.58,793.75,1582697781524
-0.58,793.80,1582697783414
-0.58,793.80,1582697785518
-0.58,793.80,1582697787535
-0.59,793.70,1582697789415
-0.59,793.70,1582697791574
-0.59,793.70,1582697793509
-0.60,793.60,1582697795407
-0.61,793.55,1582697797541
-0.61,793.50,1582697799519
-0.58,793.80,1582697801448
-0.58,793.75,1582697803444
-0.56,793.90,1582697805484
-0.53,794.15,1582697807464
-0.53,794.15,1582697809403
-0.53,794.15,1582697811440
-0.52,794.25,1582697813420
-0.52,794.25,1582697815484
-0.55,794.00,1582697817522
-0.55,794.00,1582697819556
-0.54,794.10,1582697821492
-0.55,794.00,1582697823542
-0.51,794.30,1582697825419
-0.53,794.20,1582697827563
-0.52,794.25,1582697829543
-0.54,794.10,1582697831502
-0.52,794.25,1582697833525
-0.53,794.20,1582697835500
-0.52,794.25,1582697837412
-0.52,794.25,1582697839517
-0.52,794.25,1582697841544
-0.51,794.35,1582697843477
-0.51,794.35,1582697845458
-0.51,794.35,1582697847552
-0.51,794.35,1582697849481
-0.51,794.35,1582697851550
-0.51,794.35,1582697853526
-0.52,794.25,1582697855428
-0.51,794.35,1582697857452
-0.51,794.30,1582697859490
-0.51,794.30,1582697861471
-0.51,794.30,1582697863513
-0.52,794.25,1582697865520
-0.54,794.10,1582697867534
-0.53,794.20,1582697869531
-0.53,794.20,1582697871503
-0.54,794.10,1582697873461
-0.53,794.20,1582697875539
-0.53,794.15,1582697877525
-0.53,794.15,1582697879457
-0.54,794.10,1582697881454
-0.54,794.10,1582697883511
-0.55,794.00,1582697885403
-0.54,794.05,1582697887410
-0.55,794.00,1582697889525
-0.56,793.95,1582697891413
-0.56,793.95,1582697893486
-0.56,793.90,1582697895526
-0.57,793.85,1582697897471
-0.58,793.80,1582697899470
-0.58,793.75,1582697901520
-0.56,793.90,1582697903480
-0.56,793.90,1582697905474
-0.56,793.95,1582697907536
-0.55,794.00,1582697909460
-0.54,794.05,1582697911558
-0.54,794.05,1582697913537
-0.54,794.05,1582697915486
-0.56,793.95,1582697917410
-0.56,793.95,1582697919528
-0.55,794.00,1582697921453
-0.55,794.00,1582697923545
-0.57,793.85,1582697925546
-0.56,793.90,1582697927435
-0.56,793.90,1582697929569
-0.55,794.00,1582697931522
-0.56,793.95,1582697933428
-0.56,793.95,1582697935417
-0.56,793.95,1582697937547
-0.55,794.00,1582697939411
-0.55,794.00,1582697941558
-0.55,794.00,1582697943511
-0.55,794.00,1582697945458
-0.54,794.05,1582697947535
-0.54,794.10,1582697949527
-0.54,794.10,1582697951441
-0.55,794.00,1582697953501
-0.55,794.00,1582697955521
-0.54,794.10,1582697957457
-0.53,794.15,1582697959397
-0.53,794.15,1582697961510
-0.54,794.05,1582697963445
-0.54,794.05,1582697965547
-0.54,794.05,1582697967536
-0.55,794.00,1582697969409
-0.54,794.05,1582697971439
-0.54,794.05,1582697973396
-0.54,794.05,1582697975417
-0.54,794.05,1582697977444
-0.54,794.05,1582697979503
-0.56,793.95,1582697981500
-0.56,793.95,1582697983533
-0.56,793.90,1582697985522
-0.55,794.00,1582697987452
-0.55,794.00,1582697989470
-0.55,794.00,1582697991521
-0.56,793.95,1582697993489
-0.55,794.00,1582697995438
-0.55,794.00,1582697997500
-0.55,794.00,1582697999409
-0.54,794.05,1582698001515
-0.55,794.00,1582698003510
-0.53,794.15,1582698005470
-0.55,794.00,1582698007395
-0.54,794.05,1582698009521
-0.54,794.05,1582698011442
-0.54,794.05,1582698013486
-0.54,794.05,1582698015477
-0.54,794.05,1582698017439
-0.55,794.00,1582698019420
-0.55,794.00,1582698021395
-0.55,794.00,1582698023469
-0.53,794.20,1582698025447
-0.55,794.00,1582698027394
-0.54,794.05,1582698029416
-0.54,794.05,1582698031399
-0.55,794.00,1582698033399
-0.55,794.00,1582698035464
-0.53,794.20,1582698037449
-0.55,794.00,1582698039395
-0.54,794.10,1582698041426
-0.55,794.00,1582698043450
-0.55,794.00,1582698045500
-0.56,793.95,1582698047502
-0.55,794.00,1582698049498
-0.53,794.15,1582698051520
-0.53,794.15,1582698053457
-0.53,794.20,1582698055509
-0.55,794.00,1582698057530
-0.53,794.15,1582698059438
-0.54,794.10,1582698061394
-0.55,794.00,1582698063402
-0.53,794.20,1582698065451
-0.53,794.20,1582698067452
-0.53,794.20,1582698069542
-0.55,794.00,1582698071438
-0.56,793.90,1582698073420
-0.53,794.20,1582698075508
-0.54,794.10,1582698077440
-0.54,794.10,1582698079479
-0.54,794.05,1582698081531
-0.54,794.10,1582698083411
-0.54,794.10,1582698085506
-0.57,793.85,1582698087417
-0.55,794.00,1582698089596
-0.55,794.00,1582698091397
-0.55,794.00,1582698093400
-0.54,794.10,1582698095400
-0.55,794.00,1582698097463
-0.55,794.00,1582698099469
-0.54,794.10,1582698101423
-0.55,794.00,1582698103447
-0.57,793.85,1582698105506
-0.56,793.95,1582698107460
-0.59,793.65,1582698109392
-0.58,793.80,1582698111478
-0.56,793.95,1582698113436
-0.55,794.00,1582698115505
-0.55,794.00,1582698117488
-0.56,793.95,1582698119467
-0.56,793.95,1582698121467
-0.54,794.05,1582698123508
-0.55,794.00,1582698125449
-0.54,794.05,1582698127394
-0.54,794.05,1582698129530
-0.54,794.10,1582698131422
-0.54,794.10,1582698133490
-0.55,794.00,1582698135398
-0.54,794.05,1582698137407
-0.55,794.00,1582698139432
-0.55,794.00,1582698141517
-0.56,793.95,1582698143439
-0.56,793.95,1582698145461
-0.55,794.00,1582698147392
-0.54,794.10,1582698149421
-0.55,794.00,1582698151390
-0.54,794.10,1582698153516
-0.55,794.00,1582698155415
-0.55,794.00,1582698157494
-0.54,794.10,1582698159507
-0.55,794.00,1582698161405
-0.50,794.40,1582698163469
-0.50,794.40,1582698165529
-0.53,794.15,1582698167398
-0.53,794.15,1582698169391
-0.54,794.10,1582698171529
-0.52,794.25,1582698173441
-0.53,794.15,1582698175392
-0.52,794.25,1582698177462
-0.53,794.20,1582698179428
-0.53,794.15,1582698181527
-0.54,794.05,1582698183390
-0.52,794.25,1582698185419
-0.52,794.25,1582698187538
-0.52,794.25,1582698189503
-0.52,794.25,1582698191397
-0.52,794.25,1582698193479
-0.50,794.40,1582698195456
-0.53,794.20,1582698197394
-0.53,794.20,1582698199462
-0.50,794.40,1582698201508
-0.53,794.15,1582698203443
-0.52,794.25,1582698205431
-0.52,794.25,1582698207390
-0.52,794.25,1582698209504
-0.52,794.25,1582698211393
-0.52,794.25,1582698213524
-0.52,794.25,1582698215395
-0.52,794.25,1582698217504
-0.51,794.35,1582698219503
-0.51,794.35,1582698221402
-0.51,794.30,1582698223431
-0.52,794.25,1582698225499
-0.52,794.25,1582698227403
-0.52,794.25,1582698229429
-0.53,794.20,1582698231388
-0.55,794.00,1582698233420
-0.55,794.00,1582698235484
-0.54,794.10,1582698237387
-0.55,794.00,1582698239398
-0.52,794.25,1582698241458
-0.51,794.30,1582698243500
-0.50,794.40,1582698245390
-0.51,794.35,1582698247537
-0.51,794.30,1582698249519
-0.54,794.10,1582698251403
-0.54,794.10,1582698253387
-0.53,794.20,1582698255415
-0.52,794.25,1582698257506
-0.53,794.15,1582698259530
-0.55,794.00,1582698261462
-0.55,794.00,1582698263445
-0.55,794.00,1582698265434
-0.53,794.15,1582698267511
-0.55,794.00,1582698269407
-0.55,794.00,1582698271528
-0.55,794.00,1582698273504
-0.52,794.25,1582698275393
-0.53,794.15,1582698277462
-0.53,794.15,1582698279528
-0.53,794.20,1582698281571
-0.53,794.20,1582698283396
-0.52,794.25,1582698285500
-0.54,794.05,1582698287415
-0.54,794.10,1582698289542
-0.53,794.20,1582698291490
-0.52,794.25,1582698293433
-0.53,794.20,1582698295480
-0.51,794.30,1582698297461
-0.54,794.10,1582698299481
-0.54,794.10,1582698301458
-0.50,794.40,1582698303502
-0.52,794.25,1582698305390
-0.49,794.45,1582698307534
-0.53,794.20,1582698309474
-0.51,794.30,1582698311482
-0.53,794.20,1582698313461
-0.51,794.30,1582698315489
-0.53,794.15,1582698317465
-0.51,794.30,1582698319538
-0.53,794.15,1582698321509
-0.53,794.15,1582698323417
-0.53,794.15,1582698325500
-0.51,794.35,1582698327501
-0.51,794.35,1582698329479
-0.51,794.35,1582698331459
-0.51,794.35,1582698333499
-0.53,794.15,1582698335395
-0.53,794.20,1582698337534
-0.53,794.20,1582698339500
-0.50,794.40,1582698341420
-0.53,794.20,1582698343458
-0.50,794.40,1582698345456
-0.51,794.35,1582698347481
-0.51,794.35,1582698349423
-0.51,794.35,1582698351465
-0.51,794.35,1582698353439
-0.52,794.25,1582698355426
-0.51,794.35,1582698357496
-0.52,794.25,1582698359454
-0.52,794.25,1582698361441
-0.49,794.50,1582698363500
-0.52,794.25,1582698365448
-0.52,794.25,1582698367454
-0.52,794.25,1582698369488
-0.52,794.25,1582698371447
-0.51,794.35,1582698373430
-0.51,794.35,1582698375497
-0.52,794.25,1582698377463
-0.52,794.25,1582698379424
-0.51,794.30,1582698381472
-0.52,794.25,1582698383511
-0.51,794.30,1582698385422
-0.54,794.10,1582698387498
-0.54,794.10,1582698389587
-0.52,794.25,1582698391531
-0.52,794.25,1582698393498
-0.54,794.10,1582698395399
-0.54,794.10,1582698397382
-0.54,794.10,1582698399502
-0.52,794.25,1582698401394
-0.54,794.10,1582698403423
-0.54,794.10,1582698405475
-0.52,794.25,1582698407391
-0.54,794.10,1582698409531
-0.53,794.20,1582698411514
-0.53,794.20,1582698413427
-0.53,794.20,1582698415436
-0.53,794.20,1582698417498
-0.51,794.30,1582698419387
-0.53,794.20,1582698421405
-0.52,794.25,1582698423497
-0.51,794.30,1582698425493
-0.49,794.50,1582698427497
-0.53,794.20,1582698429458
-0.53,794.20,1582698431558
-0.53,794.20,1582698433389
-0.53,794.20,1582698435519
-0.51,794.30,1582698437426
-0.53,794.20,1582698439398
-0.53,794.20,1582698441382
-0.51,794.35,1582698443407
-0.52,794.25,1582698445490
-0.51,794.35,1582698447422
-0.51,794.35,1582698449426
-0.53,794.20,1582698451455
-0.50,794.40,1582698453507
-0.50,794.40,1582698455385
-0.51,794.35,1582698457379
-0.50,794.40,1582698459495
-0.50,794.40,1582698461489
-0.50,794.40,1582698463383
-0.51,794.30,1582698465464
-0.53,794.15,1582698467387
-0.53,794.20,1582698469488
-0.55,794.00,1582698471517
-0.55,794.00,1582698473451
-0.55,794.00,1582698475422
-0.55,794.00,1582698477492
-0.55,794.00,1582698479434
-0.55,794.00,1582698481419
-0.55,794.00,1582698483516
-0.53,794.20,1582698485442
-0.52,794.25,1582698487493
-0.55,794.00,1582698489488
-0.53,794.15,1582698491386
-0.55,794.00,1582698493421
-0.54,794.05,1582698495492
-0.53,794.20,1582698497387
-0.53,794.15,1582698499418
-0.55,794.00,1582698501379
-0.53,794.20,1582698503386
-0.53,794.20,1582698505527
-0.55,794.00,1582698507503
-0.55,794.00,1582698509552
-0.54,794.05,1582698511507
-0.55,794.00,1582698513494
-0.52,794.25,1582698515430
-0.55,794.00,1582698517515
-0.55,794.00,1582698519492
-0.55,794.00,1582698521405
-0.53,794.15,1582698523449
-0.54,794.05,1582698525419
-0.55,794.00,1582698527441
-0.54,794.10,1582698529515
-0.54,794.05,1582698531502
-0.55,794.00,1582698533417
-0.55,794.00,1582698535454
-0.52,794.25,1582698537492
-0.53,794.20,1582698539420
-0.53,794.20,1582698541493
-0.52,794.25,1582698543454
-0.46,794.70,1582698545445
-0.46,794.70,1582698547526
-0.49,794.45,1582698549515
-0.46,794.70,1582698551386
-0.51,794.35,1582698553464
-0.49,794.50,1582698555454
-0.54,794.05,1582698557394
-0.49,794.50,1582698559466
-0.49,794.50,1582698561377
-0.49,794.50,1582698563424
-0.49,794.50,1582698565423
-0.49,794.45,1582698567492
-0.49,794.45,1582698569444
-0.49,794.45,1582698571525
-0.53,794.15,1582698573490
-0.49,794.45,1582698575434
-0.53,794.15,1582698577480
-0.50,794.40,1582698579514
-0.50,794.40,1582698581413
-0.49,794.45,1582698583418
-0.51,794.35,1582698585447
-0.51,794.35,1582698587381
-0.53,794.20,1582698589479
-0.52,794.25,1582698591453
-0.52,794.25,1582698593652
-0.51,794.35,1582698595471
-0.51,794.35,1582698597491
-0.52,794.25,1582698599409
-0.51,794.35,1582698601417
-0.52,794.25,1582698603418
-0.51,794.35,1582698605393
-0.52,794.25,1582698607441
-0.49,794.45,1582698609502
-0.51,794.35,1582698611425
-0.52,794.25,1582698613512
-0.51,794.35,1582698615451
-0.51,794.35,1582698617378
-0.51,794.35,1582698619478
-0.51,794.30,1582698621376
-0.51,794.35,1582698623447
-0.51,794.35,1582698625410
-0.51,794.35,1582698627511
-0.51,794.30,1582698629395
-0.51,794.30,1582698631415
-0.51,794.30,1582698633477
-0.51,794.35,1582698635383
-0.51,794.30,1582698637521
-0.53,794.15,1582698639478
-0.51,794.30,1582698641383
-0.51,794.30,1582698643446
-0.52,794.25,1582698645470
-0.53,794.15,1582698647410
-0.53,794.20,1582698649443
-0.51,794.35,1582698651442
-0.51,794.35,1582698653428
-0.52,794.25,1582698655396
-0.52,794.25,1582698657476
-0.52,794.25,1582698659462
-0.51,794.35,1582698661490
-0.49,794.50,1582698663437
-0.48,794.55,1582698665389
-0.48,794.55,1582698667485
-0.48,794.55,1582698669449
-0.49,794.50,1582698671387
-0.49,794.50,1582698673486
-0.51,794.35,1582698675475
-0.51,794.35,1582698677539
-0.51,794.35,1582698679427
-0.51,794.35,1582698681453
-0.51,794.35,1582698683488
-0.51,794.35,1582698685488
-0.52,794.25,1582698687473
-0.52,794.25,1582698689425
-0.53,794.20,1582698691443
-0.52,794.25,1582698693495
-0.52,794.25,1582698695376
-0.52,794.25,1582698697396
-0.51,794.30,1582698699475
-0.53,794.15,1582698701410
-0.53,794.15,1582698703440
-0.54,794.10,1582698705372
-0.54,794.10,1582698707426
-0.54,794.10,1582698709406
-0.54,794.10,1582698711474
-0.54,794.10,1582698713388
-0.54,794.10,1582698715412
-0.55,794.00,1582698717369
-0.54,794.10,1582698719374
-0.54,794.10,1582698721507
-0.54,794.05,1582698723481
-0.51,794.30,1582698725502
-0.51,794.30,1582698727467
-0.52,794.25,1582698729485
-0.51,794.30,1582698731412
-0.52,794.25,1582698733506
-0.52,794.25,1582698735507
-0.52,794.25,1582698737418
-0.52,794.25,1582698739473
-0.51,794.30,1582698741488
-0.51,794.30,1582698743461
-0.51,794.30,1582698745417
-0.51,794.30,1582698747370
-0.52,794.25,1582698749424
-0.51,794.30,1582698751518
-0.51,794.30,1582698753495
-0.51,794.30,1582698755373
-0.51,794.30,1582698757405
-0.51,794.30,1582698759476
-0.51,794.30,1582698761411
-0.51,794.30,1582698763442
-0.53,794.20,1582698765490
-0.53,794.20,1582698767374
-0.53,794.20,1582698769483
-0.53,794.20,1582698771482
-0.54,794.05,1582698773456
-0.54,794.05,1582698775413
-0.54,794.05,1582698777486
-0.54,794.05,1582698779370
-0.54,794.05,1582698781392
-0.54,794.05,1582698783403
-0.52,794.25,1582698785488
-0.52,794.25,1582698787384
-0.52,794.25,1582698789471
-0.52,794.25,1582698791427
-0.52,794.25,1582698793482
-0.52,794.25,1582698795470
-0.52,794.25,1582698797371
-0.52,794.25,1582698799410
-0.52,794.25,1582698801490
-0.52,794.25,1582698803370
-0.52,794.25,1582698805372
-0.54,794.10,1582698807506
-0.52,794.25,1582698809455
-0.52,794.25,1582698811406
-0.53,794.15,1582698813482
-0.53,794.20,1582698815372
-0.53,794.15,1582698817404
-0.53,794.20,1582698819431
-0.53,794.20,1582698821418
-0.53,794.20,1582698823409
-0.53,794.20,1582698825470
-0.53,794.20,1582698827414
-0.53,794.15,1582698829405
-0.55,794.00,1582698831472
-0.52,794.25,1582698833376
-0.52,794.25,1582698835437
-0.54,794.10,1582698837475
-0.53,794.20,1582698839384
-0.53,794.20,1582698841468
-0.45,794.80,1582698843470
-0.44,794.90,1582698845376
-0.43,794.95,1582698847407
-0.44,794.90,1582698849371
-0.44,794.90,1582698851473
-0.44,794.90,1582698853482
-0.43,795.00,1582698855444
-0.40,795.20,1582698857396
-0.37,795.45,1582698859508
-0.39,795.30,1582698861489
-0.41,795.15,1582698863555
-0.40,795.20,1582698865427
-0.39,795.30,1582698867474
-0.39,795.30,1582698869531
-0.41,795.15,1582698871385
-0.39,795.30,1582698873479
-0.39,795.30,1582698875370
-0.39,795.25,1582698877369
-0.39,795.25,1582698879468
-0.39,795.25,1582698881384
-0.39,795.25,1582698883435
-0.39,795.25,1582698885490
-0.39,795.30,1582698887474
-0.41,795.15,1582698889405
-0.39,795.25,1582698891419
-0.40,795.20,1582698893476
-0.39,795.30,1582698895466
-0.39,795.30,1582698897442
-0.42,795.05,1582698899500
-0.39,795.30,1582698901378
-0.39,795.30,1582698903468
-0.38,795.35,1582698905482
-0.38,795.40,1582698907376
-0.37,795.45,1582698909363
-0.36,795.55,1582698911436
-0.35,795.60,1582698913501
-0.31,795.90,1582698915467
-0.34,795.65,1582698917409
-0.33,795.80,1582698919453
-0.32,795.85,1582698921490
-0.32,795.85,1582698923411
-0.32,795.85,1582698925394
-0.33,795.75,1582698927481
-0.33,795.75,1582698929479
-0.34,795.65,1582698931420
-0.34,795.65,1582698933363
-0.38,795.35,1582698935370
-0.38,795.40,1582698937406
-0.40,795.20,1582698939469
-0.40,795.20,1582698941555
-0.40,795.20,1582698943375
-0.46,794.75,1582698945465
-0.46,794.75,1582698947458
-0.49,794.50,1582698949440
-0.51,794.35,1582698951404
-0.46,794.70,1582698953393
-0.46,794.70,1582698955433
-0.46,794.70,1582698957479
-0.46,794.70,1582698959535
-0.46,794.70,1582698961420
-0.44,794.85,1582698963402
-0.42,795.05,1582698965366
-0.37,795.45,1582698967464
-0.36,795.50,1582698969454
-0.39,795.25,1582698971366
-0.38,795.35,1582698973418
-0.38,795.35,1582698975464
-0.41,795.15,1582698977406
-0.40,795.20,1582698979375
-0.39,795.25,1582698981477
-0.39,795.30,1582698983368
-0.42,795.05,1582698985466
-0.39,795.30,1582698987464
-0.39,795.25,1582698989529
-0.39,795.25,1582698991463
-0.39,795.25,1582698993440
-0.39,795.25,1582698995585
-0.40,795.20,1582698997439
-0.40,795.20,1582698999463
-0.40,795.20,1582699001393
-0.39,795.25,1582699003477
-0.40,795.20,1582699005436
-0.39,795.25,1582699007525
-0.40,795.20,1582699009432
-0.39,795.25,1582699011439
-0.39,795.30,1582699013553
-0.39,795.30,1582699015418
-0.38,795.35,1582699017439
-0.38,795.40,1582699019501
-0.37,795.45,1582699021438
-0.37,795.45,1582699023462
-0.37,795.45,1582699025397
-0.37,795.45,1582699027454
-0.37,795.45,1582699029463
-0.36,795.50,1582699031407
-0.36,795.50,1582699033436
-0.36,795.50,1582699035430
-0.36,795.50,1582699037372
-0.36,795.50,1582699039431
-0.36,795.50,1582699041485
-0.36,795.50,1582699043419
-0.36,795.50,1582699045421
-0.36,795.50,1582699047385
-0.36,795.50,1582699049373
-0.37,795.45,1582699051396
-0.36,795.50,1582699053463
-0.36,795.50,1582699055440
-0.37,795.45,1582699057370
-0.37,795.45,1582699059471
-0.36,795.50,1582699061395
-0.36,795.50,1582699063448
-0.34,795.65,1582699065456
-0.34,795.70,1582699067443
-0.34,795.65,1582699069402
-0.34,795.70,1582699071473
-0.34,795.70,1582699073375
-0.34,795.70,1582699075420
-0.33,795.80,1582699077460
-0.33,795.80,1582699079386
-0.33,795.80,1582699081432
-0.33,795.80,1582699083462
-0.31,795.95,1582699085400
-0.30,796.00,1582699087435
-0.30,796.00,1582699089448
-0.28,796.15,1582699091406
-0.29,796.10,1582699093494
-0.28,796.15,1582699095357
-0.29,796.10,1582699097520
-0.29,796.10,1582699099437
-0.29,796.05,1582699101461
-0.28,796.15,1582699103473
-0.29,796.10,1582699105445
-0.28,796.15,1582699107469
-0.31,795.90,1582699109397
-0.33,795.75,1582699111484
-0.31,795.95,1582699113472
-0.31,795.95,1582699115495
-0.28,796.15,1582699117361
-0.31,795.95,1582699119468
-0.28,796.15,1582699121493
-0.29,796.05,1582699123402
-0.29,796.05,1582699125365
-0.29,796.05,1582699127390
-0.27,796.25,1582699129399
-0.27,796.25,1582699131458
-0.27,796.25,1582699133363
-0.26,796.30,1582699135434
-0.26,796.35,1582699137452
-0.26,796.35,1582699139398
-0.26,796.30,1582699141492
-0.27,796.25,1582699143459
-0.26,796.35,1582699145355
-0.26,796.35,1582699147359
-0.27,796.25,1582699149472
-0.27,796.25,1582699151361
-0.27,796.25,1582699153367
-0.26,796.30,1582699155472
-0.26,796.30,1582699157478
-0.26,796.30,1582699159450
-0.26,796.30,1582699161355
-0.26,796.30,1582699163424
-0.26,796.30,1582699165396
-0.26,796.30,1582699167457
-0.26,796.30,1582699169435
-0.26,796.30,1582699171425
-0.26,796.30,1582699173457
-0.26,796.30,1582699175381
-0.26,796.30,1582699177456
-0.26,796.30,1582699179459
-0.26,796.30,1582699181429
-0.27,796.25,1582699183443
-0.28,796.15,1582699185455
-0.28,796.15,1582699187359
-0.27,796.25,1582699189395
-0.30,796.00,1582699191456
-0.28,796.20,1582699193396
-0.28,796.20,1582699195429
-0.28,796.15,1582699197457
-0.28,796.15,1582699199361
-0.31,795.95,1582699201451
-0.28,796.20,1582699203449
-0.28,796.20,1582699205381
-0.30,796.00,1582699207397
-0.28,796.15,1582699209408
-0.28,796.15,1582699211437
-0.30,796.00,1582699213395
-0.28,796.15,1582699215458
-0.28,796.15,1582699217370
-0.29,796.05,1582699219423
-0.28,796.15,1582699221432
-0.28,796.15,1582699223484
-0.29,796.10,1582699225389
-0.29,796.10,1582699227458
-0.28,796.15,1582699229363
-0.28,796.15,1582699231456
-0.28,796.15,1582699233458
-0.28,796.15,1582699235362
-0.36,795.55,1582699237431
-0.37,795.45,1582699239457
-0.36,795.55,1582699241355
-0.36,795.50,1582699243355
-0.36,795.55,1582699245455
-0.36,795.55,1582699247381
-0.36,795.50,1582699249428
-0.36,795.50,1582699251456
-0.36,795.55,1582699253401
-0.36,795.55,1582699255462
-0.38,795.35,1582699257456
-0.36,795.50,1582699259395
-0.36,795.50,1582699261394
-0.35,795.60,1582699263425
-0.35,795.60,1582699265484
-0.35,795.60,1582699267478
-0.39,795.25,1582699269454
-0.36,795.50,1582699271539
-0.37,795.45,1582699273363
-0.36,795.50,1582699275430
-0.36,795.50,1582699277380
-0.36,795.50,1582699279488
-0.36,795.50,1582699281351
-0.36,795.55,1582699283436
-0.35,795.60,1582699285454
-0.35,795.60,1582699287433
-0.36,795.55,1582699289468
-0.35,795.60,1582699291393
-0.35,795.60,1582699293445
-0.35,795.60,1582699295451
-0.35,795.60,1582699297405
-0.36,795.55,1582699299453
-0.36,795.50,1582699301403
-0.36,795.50,1582699303487
-0.52,794.25,1582699305434
-0.38,795.40,1582699307492
-0.38,795.35,1582699309496
-0.38,795.40,1582699311460
-0.38,795.40,1582699313353
-0.38,795.40,1582699315420
-0.38,795.40,1582699317425
-0.39,795.25,1582699319409
-0.39,795.25,1582699321361
-0.38,795.40,1582699323453
-0.38,795.40,1582699325367
-0.37,795.45,1582699327465
-0.30,796.00,1582699329427
-0.28,796.15,1582699331397
-0.28,796.15,1582699333391
-0.26,796.30,1582699335446
-0.29,796.10,1582699337356
-0.30,796.00,1582699339451
-0.29,796.05,1582699341453
-0.29,796.05,1582699343393
-0.29,796.05,1582699345386
-0.29,796.05,1582699347435
-0.30,796.00,1582699349357
-0.30,796.00,1582699351446
-0.29,796.05,1582699353420
-0.29,796.05,1582699355413
-0.29,796.05,1582699357424
-0.30,796.00,1582699359464
-0.29,796.10,1582699361408
-0.29,796.10,1582699363418
-0.30,796.00,1582699365452
-0.29,796.05,1582699367476
-0.31,795.90,1582699369417
-0.30,796.00,1582699371456
-0.29,796.05,1582699373365
-0.29,796.10,1582699375390
-0.29,796.10,1582699377451
-0.29,796.10,1582699379360
-0.29,796.10,1582699381418
-0.28,796.15,1582699383419
-0.29,796.10,1582699385354
-0.30,796.00,1582699387358
-0.29,796.05,1582699389345
-0.31,795.95,1582699391369
-0.29,796.05,1582699393356
-0.29,796.05,1582699395418
-0.30,796.00,1582699397365
-0.29,796.05,1582699399448
-0.29,796.05,1582699401427
-0.29,796.05,1582699403369
-0.29,796.05,1582699405359
-0.29,796.05,1582699407411
-0.28,796.15,1582699409395
-0.29,796.05,1582699411419
-0.28,796.15,1582699413461
-0.28,796.20,1582699415364
-0.28,796.20,1582699417442
-0.28,796.15,1582699419389
-0.29,796.10,1582699421431
-0.31,795.95,1582699423384
-0.29,796.05,1582699425456
-0.29,796.05,1582699427368
-0.31,795.95,1582699429420
-0.29,796.05,1582699431472
-0.29,796.05,1582699433364
-0.29,796.05,1582699435386
-0.29,796.05,1582699437461
-0.30,796.00,1582699439398
-0.31,795.90,1582699441418
-0.29,796.10,1582699443420
-0.28,796.15,1582699445437
-0.28,796.15,1582699447399
-0.30,796.00,1582699449462
-0.29,796.05,1582699451350
-0.30,796.00,1582699453407
-0.29,796.05,1582699455455
-0.29,796.05,1582699457441
-0.28,796.15,1582699459385
-0.28,796.20,1582699461461
-0.28,796.20,1582699463506
-0.27,796.25,1582699465343
-0.27,796.25,1582699467446
-0.27,796.25,1582699469357
-0.27,796.25,1582699471356
-0.27,796.25,1582699473454
-0.27,796.25,1582699475360
-0.27,796.25,1582699477356
-0.28,796.15,1582699479470
-0.26,796.30,1582699481483
-0.26,796.30,1582699483414
-0.28,796.15,1582699485418
-0.28,796.15,1582699487351
-0.28,796.15,1582699489445
-0.28,796.20,1582699491414
-0.29,796.10,1582699493360
-0.29,796.10,1582699495445
-0.30,796.00,1582699497449
-0.30,796.00,1582699499437
-0.30,796.00,1582699501480
-0.30,796.00,1582699503421
-0.28,796.20,1582699505361
-0.28,796.20,1582699507353
-0.28,796.20,1582699509469
-0.28,796.20,1582699511449
-0.28,796.20,1582699513446
-0.28,796.20,1582699515459
-0.29,796.05,1582699517505
-0.29,796.05,1582699519380
-0.29,796.05,1582699521459
-0.30,796.00,1582699523369
-0.30,796.00,1582699525440
-0.30,796.00,1582699527455
-0.30,796.00,1582699529388
-0.30,796.00,1582699531386
-0.30,796.00,1582699533444
-0.30,796.00,1582699535464
-0.29,796.05,1582699537423
-0.31,795.95,1582699539455
-0.29,796.05,1582699541390
-0.29,796.10,1582699543458
-0.29,796.10,1582699545444
-0.29,796.10,1582699547391
-0.29,796.05,1582699549340
-0.29,796.10,1582699551419
-0.29,796.10,1582699553347
-0.29,796.05,1582699555378
-0.30,796.00,1582699557412
-0.36,795.50,1582699559493
-0.32,795.85,1582699561372
-0.33,795.80,1582699563422
-0.29,796.05,1582699565361
-0.29,796.05,1582699567347
-0.29,796.05,1582699569423
-0.28,796.15,1582699571391
-0.29,796.10,1582699573423
-0.29,796.05,1582699575447
-0.29,796.05,1582699577468
-0.30,796.00,1582699579388
-0.29,796.05,1582699581448
-0.29,796.05,1582699583464
-0.29,796.05,1582699585460
-0.29,796.05,1582699587448
-0.30,796.00,1582699589454
-0.30,796.00,1582699591416
-0.29,796.05,1582699593449
-0.29,796.05,1582699595499
-0.29,796.05,1582699597417
-0.30,796.00,1582699599417
-0.30,796.00,1582699601436
-0.29,796.05,1582699603358
-0.29,796.05,1582699605424
-0.29,796.05,1582699607456
-0.30,796.00,1582699609391
-0.29,796.05,1582699611461
-0.30,796.00,1582699613375
-0.30,796.00,1582699615448
-0.30,796.00,1582699617448
-0.29,796.05,1582699619370
-0.29,796.05,1582699621405
-0.29,796.10,1582699623419
-0.29,796.05,1582699625361
-0.29,796.05,1582699627448
-0.29,796.05,1582699629424
-0.29,796.05,1582699631441
-0.29,796.10,1582699633387
-0.29,796.10,1582699635424
-0.29,796.05,1582699637413
-0.29,796.05,1582699639383
-0.29,796.10,1582699641470
-0.29,796.10,1582699643359
-0.29,796.10,1582699645386
-0.28,796.15,1582699647447
-0.28,796.15,1582699649418
-0.29,796.10,1582699651409
-0.28,796.15,1582699653441
-0.28,796.15,1582699655358
-0.28,796.15,1582699657362
-0.29,796.10,1582699659467
-0.28,796.15,1582699661386
-0.29,796.10,1582699663473
-0.28,796.15,1582699665454
-0.28,796.15,1582699667399
-0.29,796.10,1582699669415
-0.28,796.15,1582699671419
-0.29,796.10,1582699673446
-0.28,796.15,1582699675414
-0.29,796.10,1582699677417
-0.29,796.10,1582699679511
-0.29,796.10,1582699681387
-0.28,796.20,1582699683423
-0.28,796.20,1582699685346
-0.28,796.20,1582699687449
-0.29,796.10,1582699689424
-0.28,796.20,1582699691395
-0.28,796.20,1582699693383
-0.28,796.20,1582699695456
-0.29,796.10,1582699697372
-0.28,796.15,1582699699382
-0.28,796.15,1582699701457
-0.31,795.90,1582699703452
-0.28,796.15,1582699705354
-0.29,796.10,1582699707457
-0.30,796.00,1582699709466
-0.29,796.10,1582699711379
-0.29,796.10,1582699713415
-0.28,796.15,1582699715387
-0.29,796.10,1582699717386
-0.30,796.00,1582699719447
-0.29,796.05,1582699721363
-0.29,796.05,1582699723412
-0.29,796.05,1582699725417
-0.29,796.05,1582699727374
-0.29,796.05,1582699729393
-0.30,796.00,1582699731456
-0.30,796.00,1582699733522
-0.29,796.05,1582699735411
-0.29,796.05,1582699737415
-0.30,796.00,1582699739530
-0.29,796.05,1582699741431
-0.29,796.05,1582699743465
-0.29,796.10,1582699745356
-0.29,796.05,1582699747411
-0.29,796.05,1582699749352
-0.29,796.10,1582699751357
-0.29,796.10,1582699753339
-0.28,796.20,1582699755452
-0.27,796.25,1582699757380
-0.28,796.20,1582699759452
-0.27,796.25,1582699761340
-0.27,796.25,1582699763429
-0.26,796.35,1582699765349
-0.26,796.35,1582699767410
-0.26,796.35,1582699769344
-0.26,796.30,1582699771381
-0.26,796.30,1582699773409
-0.25,796.40,1582699775346
-0.25,796.40,1582699777352
-0.26,796.35,1582699779423
-0.25,796.40,1582699781464
-0.25,796.40,1582699783350
-0.25,796.40,1582699785410
-0.26,796.35,1582699787348
-0.26,796.35,1582699789434
-0.24,796.50,1582699791442
-0.25,796.40,1582699793535
-0.25,796.40,1582699795415
-0.25,796.40,1582699797454
-0.25,796.40,1582699799343
-0.24,796.45,1582699801339
-0.24,796.50,1582699803341
-0.23,796.55,1582699805345
-0.24,796.50,1582699807371
-0.24,796.45,1582699809416
-0.24,796.50,1582699811346
-0.26,796.35,1582699813371
-0.23,796.55,1582699815340
-0.23,796.60,1582699817364
-0.24,796.45,1582699819373
-0.24,796.45,1582699821429
-0.25,796.40,1582699823364
-0.25,796.40,1582699825337
-0.25,796.40,1582699827339
-0.25,796.40,1582699829343
-0.25,796.40,1582699831451
-0.25,796.40,1582699833339
-0.26,796.35,1582699835344
-0.26,796.35,1582699837337
-0.29,796.05,1582699839412
-0.30,796.00,1582699841355
-0.29,796.05,1582699843347
-0.27,796.25,1582699845338
-0.29,796.05,1582699847340
-0.29,796.05,1582699849359
-0.27,796.25,1582699851337
-0.18,797.00,1582699853423
-0.14,797.25,1582699855379
-0.19,796.90,1582699857426
-0.19,796.90,1582699859488
-0.16,797.10,1582699861339
-0.16,797.10,1582699863441
-0.16,797.15,1582699865536
-0.19,796.85,1582699867339
-0.19,796.85,1582699869432
-0.19,796.85,1582699871357
-0.18,797.00,1582699873361
-0.19,796.90,1582699875394
-0.16,797.10,1582699877433
-0.16,797.15,1582699879415
-0.16,797.10,1582699881412
-0.15,797.20,1582699883343
-0.15,797.20,1582699885402
-0.16,797.15,1582699887342
-0.18,796.95,1582699889343
-0.16,797.15,1582699891409
-0.16,797.10,1582699893336
-0.16,797.15,1582699895339
-0.18,797.00,1582699897336
-0.16,797.15,1582699899338
-0.15,797.20,1582699901354
-0.16,797.15,1582699903335
-0.16,797.10,1582699905339
-0.16,797.15,1582699907339
-0.15,797.20,1582699909351
-0.15,797.20,1582699911440
-0.18,797.00,1582699913511
-0.16,797.10,1582699915375
-0.18,797.00,1582699917440
-0.18,797.00,1582699919345
-0.16,797.10,1582699921334
-0.17,797.05,1582699923451
-0.18,797.00,1582699925354
-0.16,797.10,1582699927396
-0.16,797.10,1582699929428
-0.16,797.15,1582699931351
-0.19,796.90,1582699933461
-0.19,796.90,1582699935451
-0.17,797.05,1582699937344
-0.18,796.95,1582699939333
-0.17,797.05,1582699941443
-0.17,797.05,1582699943430
-0.18,797.00,1582699945376
-0.18,797.00,1582699947459
-0.16,797.10,1582699949362
-0.16,797.10,1582699951359
-0.16,797.10,1582699953437
-0.18,797.00,1582699955451
-0.19,796.90,1582699957434
-0.19,796.90,1582699959423
-0.18,797.00,1582699961344
-0.18,797.00,1582699963445
-0.18,797.00,1582699965450
-0.17,797.05,1582699967442
-0.18,796.95,1582699969456
-0.18,796.95,1582699971405
-0.18,797.00,1582699973435
-0.17,797.05,1582699975399
-0.18,797.00,1582699977455
-0.18,797.00,1582699979480
-0.17,797.05,1582699981373
-0.16,797.15,1582699983445
-0.17,797.05,1582699985419
-0.16,797.10,1582699987342
-0.16,797.10,1582699989438
-0.17,797.05,1582699991346
-0.18,797.00,1582699993405
-0.18,797.00,1582699995447
-0.17,797.05,1582699997343
-0.16,797.10,1582699999344
-0.16,797.10,1582700001435
-0.16,797.10,1582700003510
-0.16,797.10,1582700005363
-0.18,797.00,1582700007405
-0.17,797.05,1582700009349
-0.18,797.00,1582700011435
-0.17,797.05,1582700013447
-0.17,797.05,1582700015347
-0.17,797.05,1582700017434
-0.17,797.05,1582700019446
-0.16,797.10,1582700021339
-0.18,796.95,1582700023601
-0.17,797.05,1582700025435
-0.17,797.05,1582700027433
-0.17,797.05,1582700029413
-0.16,797.10,1582700031403
-0.16,797.10,1582700033490
-0.16,797.10,1582700035403
-0.16,797.10,1582700037404
-0.16,797.10,1582700039427
-0.16,797.10,1582700041372
-0.16,797.15,1582700043400
-0.16,797.10,1582700045341
-0.17,797.05,1582700047407
-0.17,797.05,1582700049444
-0.17,797.05,1582700051343
-0.17,797.05,1582700053330
-0.18,797.00,1582700055433
-0.19,796.90,1582700057476
-0.18,796.95,1582700059468
-0.17,797.05,1582700061433
-0.18,797.00,1582700063335
-0.17,797.05,1582700065329
-0.17,797.05,1582700067403
-0.16,797.10,1582700069343
-0.16,797.10,1582700071370
-0.16,797.10,1582700073402
-0.16,797.10,1582700075361
-0.16,797.10,1582700077339
-0.16,797.10,1582700079402
-0.16,797.10,1582700081367
-0.16,797.15,1582700083385
-0.16,797.15,1582700085433
-0.16,797.15,1582700087389
-0.16,797.15,1582700089443
-0.15,797.20,1582700091405
-0.16,797.15,1582700093344
-0.16,797.15,1582700095372
-0.16,797.10,1582700097403
-0.16,797.15,1582700099344
-0.16,797.15,1582700101344
-0.13,797.35,1582700103426
-0.14,797.30,1582700105332
-0.14,797.30,1582700107368
-0.14,797.30,1582700109412
-0.14,797.30,1582700111404
-0.13,797.35,1582700113402
-0.13,797.35,1582700115346
-0.15,797.20,1582700117434
-0.13,797.35,1582700119447
-0.13,797.35,1582700121359
-0.13,797.35,1582700123360
-0.13,797.35,1582700125373
-0.13,797.40,1582700127416
-0.13,797.40,1582700129473
-0.13,797.35,1582700131338
-0.13,797.40,1582700133434
-0.13,797.35,1582700135343
-0.13,797.35,1582700137351
-0.13,797.35,1582700139402
-0.13,797.35,1582700141493
-0.13,797.35,1582700143336
-0.13,797.35,1582700145368
-0.12,797.45,1582700147507
-0.12,797.45,1582700149357
-0.12,797.45,1582700151433
-0.13,797.40,1582700153333
-0.12,797.45,1582700155401
-0.12,797.45,1582700157387
-0.13,797.35,1582700159330
-0.12,797.45,1582700161363
-0.11,797.50,1582700163412
-0.11,797.50,1582700165354
-0.11,797.50,1582700167464
-0.11,797.50,1582700169408
-0.13,797.40,1582700171432
-0.11,797.50,1582700173524
-0.11,797.50,1582700175408
-0.11,797.50,1582700177333
-0.11,797.50,1582700179331
-0.12,797.45,1582700181433
-0.12,797.45,1582700183381
-0.16,797.10,1582700185505
-0.16,797.15,1582700187366
-0.13,797.35,1582700189438
-0.12,797.45,1582700191326
-0.13,797.40,1582700193433
-0.11,797.50,1582700195341
-0.13,797.40,1582700197446
-0.13,797.40,1582700199396
-0.15,797.20,1582700201448
-0.16,797.10,1582700203365
-0.18,797.00,1582700205408
-0.18,796.95,1582700207333
-0.18,796.95,1582700209425
-0.18,797.00,1582700211397
-0.18,797.00,1582700213491
-0.13,797.40,1582700215371
-0.11,797.50,1582700217398
-0.13,797.35,1582700219336
-0.15,797.20,1582700221365
-0.18,797.00,1582700223402
-0.18,797.00,1582700225330
-0.18,796.95,1582700227324
-0.20,796.80,1582700229402
-0.20,796.80,1582700231466
-0.20,796.80,1582700233380
-0.18,797.00,1582700235399
-0.18,796.95,1582700237340
-0.21,796.70,1582700239366
-0.21,796.70,1582700241399
-0.21,796.75,1582700243329
-0.21,796.75,1582700245429
-0.19,796.85,1582700247429
-0.18,797.00,1582700249495
-0.18,797.00,1582700251331
-0.19,796.85,1582700253399
-0.19,796.85,1582700255371
-0.18,797.00,1582700257367
-0.18,797.00,1582700259400
-0.18,797.00,1582700261329
-0.18,797.00,1582700263380
-0.18,797.00,1582700265402
-0.20,796.80,1582700267356
-0.20,796.80,1582700269365
-0.19,796.85,1582700271426
-0.21,796.70,1582700273517
-0.21,796.70,1582700275338
-0.22,796.65,1582700277397
-0.29,796.10,1582700279326
-0.27,796.25,1582700281337
-0.29,796.10,1582700283428
-0.29,796.05,1582700285573
-0.29,796.05,1582700287363
-0.29,796.10,1582700289398
-0.29,796.05,1582700291345
-0.29,796.05,1582700293368
-0.29,796.05,1582700295385
-0.29,796.05,1582700297345
-0.29,796.10,1582700299365
-0.29,796.10,1582700301404
-0.30,796.00,1582700303356
-0.30,796.00,1582700305346
-0.29,796.05,1582700307364
-0.29,796.05,1582700309427
-0.29,796.05,1582700311364
-0.29,796.10,1582700313420
-0.29,796.10,1582700315331
-0.29,796.10,1582700317398
-0.29,796.10,1582700319394
-0.30,796.00,1582700321345
-0.29,796.05,1582700323359
-0.29,796.05,1582700325395
-0.30,796.00,1582700327515
-0.31,795.90,1582700329331
-0.31,795.95,1582700331396
-0.29,796.05,1582700333330
-0.31,795.95,1582700335322
-0.30,796.00,1582700337333
-0.31,795.95,1582700339475
-0.31,795.95,1582700341321
-0.29,796.05,1582700343414
-0.33,795.80,1582700345417
-0.29,796.05,1582700347365
-0.29,796.05,1582700349409
-0.32,795.85,1582700351325
-0.30,796.00,1582700353320
-0.29,796.05,1582700355427
-0.30,796.00,1582700357469
-0.29,796.05,1582700359396
-0.29,796.05,1582700361416
-0.29,796.05,1582700363358
-0.29,796.05,1582700365447
-0.29,796.05,1582700367401
-0.30,796.00,1582700369340
-0.29,796.05,1582700371362
-0.29,796.05,1582700373365
-0.31,795.95,1582700375448
-0.31,795.90,1582700377409
-0.31,795.95,1582700379394
-0.30,796.00,1582700381324
-0.29,796.05,1582700383331
-0.29,796.05,1582700385426
-0.29,796.05,1582700387363
-0.30,796.00,1582700389346
-0.29,796.05,1582700391392
-0.28,796.15,1582700393375
-0.28,796.15,1582700395435
-0.29,796.10,1582700397422
-0.29,796.10,1582700399523
-0.28,796.20,1582700401445
-0.29,796.05,1582700403391
-0.29,796.05,1582700405399
-0.31,795.90,1582700407323
-0.33,795.80,1582700409391
-0.36,795.50,1582700411355
-0.32,795.85,1582700413414
-0.31,795.95,1582700415319
-0.31,795.95,1582700417324
-0.31,795.95,1582700419320
-0.30,796.00,1582700421406
-0.31,795.90,1582700423321
-0.31,795.95,1582700425321
-0.31,795.95,1582700427401
-0.31,795.95,1582700429354
-0.31,795.95,1582700431358
-0.31,795.95,1582700433392
-0.31,795.95,1582700435526
-0.33,795.75,1582700437325
-0.34,795.70,1582700439321
-0.34,795.70,1582700441328
-0.31,795.90,1582700443360
-0.31,795.90,1582700445356
-0.31,795.90,1582700447441
-0.32,795.85,1582700449432
-0.31,795.90,1582700451406
-0.32,795.85,1582700453383
-0.31,795.90,1582700455327
-0.32,795.85,1582700457391
-0.31,795.90,1582700459452
-0.32,795.85,1582700461359
-0.33,795.80,1582700463391
-0.32,795.85,1582700465496
-0.31,795.95,1582700467320
-0.31,795.95,1582700469316
-0.31,795.90,1582700471368
-0.32,795.85,1582700473327
-0.33,795.80,1582700475399
-0.33,795.80,1582700477484
-0.32,795.85,1582700479412
-0.33,795.80,1582700481374
-0.32,795.85,1582700483319
-0.32,795.85,1582700485363
-0.32,795.85,1582700487424
-0.33,795.80,1582700489362
-0.32,795.85,1582700491328
-0.33,795.80,1582700493424
-0.32,795.85,1582700495319
-0.32,795.85,1582700497391
-0.32,795.85,1582700499359
-0.34,795.70,1582700501429
-0.33,795.75,1582700503330
-0.34,795.70,1582700505315
-0.33,795.75,1582700507321
-0.34,795.70,1582700509330
-0.34,795.65,1582700511422
-0.34,795.65,1582700513319
-0.34,795.65,1582700515361
-0.34,795.65,1582700517125
-0.34,795.65,1582700519127
-0.35,795.60,1582700521126
-0.34,795.70,1582700523125
-0.34,795.70,1582700525124
-0.36,795.55,1582700527330
-0.36,795.55,1582700529404
-0.37,795.45,1582700531408
-0.36,795.50,1582700533317
-0.41,795.10,1582700535402
-0.37,795.45,1582700537455
-0.38,795.35,1582700539361
-0.37,795.45,1582700541387
-0.38,795.40,1582700543410
-0.39,795.25,1582700545315
-0.41,795.10,1582700547519
-0.38,795.40,1582700549450
-0.38,795.40,1582700551494
-0.37,795.45,1582700553402
-0.37,795.45,1582700555457
-0.38,795.40,1582700557316
-0.38,795.40,1582700559387
-0.38,795.40,1582700561468
-0.37,795.45,1582700563342
-0.37,795.45,1582700565351
-0.37,795.45,1582700567549
-0.37,795.45,1582700569356
-0.38,795.40,1582700571417
-0.38,795.40,1582700573319
-0.38,795.40,1582700575410
-0.37,795.45,1582700577382
-0.37,795.45,1582700579382
-0.36,795.50,1582700581322
-0.34,795.65,1582700583394
-0.35,795.60,1582700585321
-0.34,795.65,1582700587419
-0.34,795.65,1582700589504
-0.34,795.70,1582700591427
-0.34,795.70,1582700593348
-0.34,795.65,1582700595401
-0.36,795.55,1582700597331
-0.37,795.45,1582700599336
-0.36,795.55,1582700601384
-0.36,795.55,1582700603317
-0.36,795.55,1582700605321
-0.38,795.35,1582700607393
-0.37,795.45,1582700609316
-0.37,795.45,1582700611345
-0.37,795.45,1582700613394
-0.37,795.45,1582700615315
-0.38,795.40,1582700617366
-0.36,795.50,1582700619401
-0.36,795.55,1582700621316
-0.36,795.50,1582700623352
-0.36,795.50,1582700625414
-0.36,795.50,1582700627378
-0.36,795.50,1582700629365
-0.36,795.50,1582700631415
-0.36,795.50,1582700633552
-0.36,795.50,1582700635376
-0.36,795.50,1582700637386
-0.39,795.30,1582700639506
-0.36,795.50,1582700641353
-0.36,795.55,1582700643383
-0.36,795.55,1582700645323
-0.36,795.55,1582700647403
-0.37,795.45,1582700649386
-0.36,795.55,1582700651517
-0.35,795.60,1582700653353
-0.36,795.55,1582700655383
-0.36,795.55,1582700657487
-0.36,795.55,1582700659318
-0.36,795.55,1582700661384
-0.36,795.55,1582700663326
-0.36,795.55,1582700665352
-0.36,795.55,1582700667415
-0.36,795.55,1582700669459
-0.34,795.65,1582700671321
-0.36,795.55,1582700673414
-0.39,795.25,1582700675336
-0.39,795.25,1582700677431
-0.39,795.25,1582700679383
-0.41,795.15,1582700681320
-0.38,795.40,1582700683319
-0.38,795.40,1582700685310
-0.38,795.35,1582700687523
-0.38,795.40,1582700689424
-0.38,795.40,1582700691316
-0.39,795.25,1582700693367
-0.38,795.35,1582700695378
-0.41,795.15,1582700697379
-0.37,795.45,1582700699352
-0.37,795.45,1582700701318
-0.38,795.35,1582700703384
-0.38,795.35,1582700705449
-0.36,795.50,1582700707344
-0.38,795.40,1582700709383
-0.37,795.45,1582700711313
-0.36,795.55,1582700713318
-0.36,795.55,1582700715310
-0.36,795.55,1582700717415
-0.36,795.50,1582700719381
-0.36,795.50,1582700721310
-0.35,795.60,1582700723316
-0.35,795.60,1582700725309
-0.35,795.60,1582700727309
-0.35,795.60,1582700729316
-0.35,795.60,1582700731309
-0.37,795.45,1582700733331
-0.38,795.40,1582700735312
-0.36,795.55,1582700737310
-0.36,795.55,1582700739309
-0.38,795.40,1582700741313
-0.38,795.40,1582700743308
-0.38,795.40,1582700745393
-0.38,795.40,1582700747314
-0.38,795.40,1582700749307
-0.38,795.40,1582700751307
-0.38,795.35,1582700753312
-0.38,795.40,1582700755369
-0.38,795.35,1582700757310
-0.38,795.40,1582700759487
-0.38,795.40,1582700761311
-0.38,795.40,1582700763390
-0.39,795.25,1582700765313
-0.38,795.35,1582700767344
-0.38,795.35,1582700769307
-0.38,795.40,1582700771312
-0.38,795.40,1582700773316
-0.39,795.30,1582700775307
-0.41,795.10,1582700777385
-0.41,795.10,1582700779358
-0.41,795.10,1582700781330
-0.45,794.80,1582700783358
-0.45,794.80,1582700785307
-0.43,795.00,1582700787362
-0.44,794.90,1582700789322
-0.44,794.85,1582700791315
-0.49,794.50,1582700793379
-0.46,794.75,1582700795346
-0.48,794.60,1582700797346
-0.48,794.60,1582700799381
-0.48,794.60,1582700801473
-0.48,794.55,1582700803409
-0.51,794.35,1582700805369
-0.51,794.30,1582700807313
-0.52,794.25,1582700809315
-0.56,793.90,1582700811383
-0.54,794.05,1582700813329
-0.57,793.85,1582700815306
-0.54,794.05,1582700817307
-0.55,794.00,1582700819316
-0.55,794.00,1582700821313
-0.51,794.30,1582700823305
-0.51,794.30,1582700825309
-0.51,794.30,1582700827313
-0.54,794.05,1582700829306
-0.55,794.00,1582700831490
-0.55,794.00,1582700833315
-0.53,794.20,1582700835304
-0.53,794.15,1582700837321
-0.53,794.20,1582700839366
-0.53,794.20,1582700841378
-0.52,794.25,1582700843317
-0.53,794.20,1582700845377
-0.53,794.15,1582700847407
-0.53,794.20,1582700849308
-0.51,794.30,1582700851342
-0.51,794.30,1582700853369
-0.51,794.30,1582700855443
-0.51,794.30,1582700857346
-0.51,794.30,1582700859380
-0.53,794.20,1582700861407
-0.51,794.35,1582700863360
-0.51,794.35,1582700865392
-0.51,794.35,1582700867318
-0.51,794.35,1582700869345
-0.51,794.35,1582700871308
-0.51,794.35,1582700873372
-0.51,794.35,1582700875386
-0.51,794.30,1582700877379
-0.51,794.35,1582700879407
-0.50,794.40,1582700881374
-0.49,794.45,1582700883392
-0.49,794.50,1582700885502
-0.46,794.70,1582700887313
-0.48,794.60,1582700889378
-0.46,794.70,1582700891476
-0.46,794.70,1582700893375
-0.48,794.60,1582700895365
-0.49,794.50,1582700897453
-0.50,794.40,1582700899374
-0.48,794.60,1582700901304
-0.48,794.60,1582700903375
-0.48,794.60,1582700905345
-0.48,794.60,1582700907379
-0.51,794.35,1582700909363
-0.51,794.30,1582700911349
-0.51,794.35,1582700913373
-0.51,794.35,1582700915305
-0.51,794.35,1582700917415
-0.51,794.35,1582700919380
-0.51,794.35,1582700921513
-0.53,794.20,1582700923374
-0.51,794.35,1582700925398
-0.49,794.50,1582700927343
-0.49,794.45,1582700929337
-0.48,794.60,1582700931375
-0.48,794.60,1582700933306
-0.48,794.60,1582700935372
-0.48,794.60,1582700937383
-0.48,794.60,1582700939335
-0.44,794.90,1582700941310
-0.44,794.85,1582700943358
-0.44,794.90,1582700945317
-0.44,794.90,1582700947409
-0.44,794.90,1582700949374
-0.44,794.85,1582700951315
-0.44,794.90,1582700953343
-0.43,795.00,1582700955382
-0.43,794.95,1582700957499
-0.43,794.95,1582700959373
-0.43,795.00,1582700961301
-0.43,795.00,1582700963306
-0.43,795.00,1582700965376
-0.43,794.95,1582700967347
-0.43,795.00,1582700969426
-0.43,795.00,1582700971346
-0.43,795.00,1582700973360
-0.43,795.00,1582700975304
-0.43,795.00,1582700977343
-0.43,794.95,1582700979371
-0.43,795.00,1582700981307
-0.43,795.00,1582700983324
-0.43,795.00,1582700985372
-0.44,794.90,1582700987523
-0.44,794.85,1582700989372
-0.44,794.85,1582700991389
-0.44,794.85,1582700993311
-0.44,794.90,1582700995372
-0.44,794.90,1582700997324
-0.44,794.90,1582700999345
-0.43,794.95,1582701001301
-0.42,795.05,1582701003339
-0.41,795.10,1582701005303
-0.43,795.00,1582701007394
-0.43,795.00,1582701009315
-0.41,795.10,1582701011370
-0.41,795.10,1582701013318
-0.41,795.10,1582701015300
-0.44,794.90,1582701017472
-0.44,794.90,1582701019331
-0.43,795.00,1582701021396
-0.43,795.00,1582701023358
-0.43,795.00,1582701025403
-0.46,794.75,1582701027374
-0.45,794.80,1582701029305
-0.45,794.80,1582701031298
-0.45,794.80,1582701033302
-0.45,794.80,1582701035306
-0.44,794.90,1582701037301
-0.44,794.90,1582701039337
-0.44,794.90,1582701041318
-0.44,794.90,1582701043359
-0.44,794.90,1582701045330
-0.43,794.95,1582701047375
-0.43,794.95,1582701049362
-0.43,794.95,1582701051380
-0.43,794.95,1582701053310
-0.44,794.90,1582701055311
-0.44,794.90,1582701057386
-0.44,794.90,1582701059390
-0.44,794.90,1582701061395
-0.40,795.20,1582701063355
-0.46,794.75,1582701065483
-0.42,795.05,1582701067321
-0.44,794.85,1582701069370
-0.42,795.05,1582701071421
-0.43,794.95,1582701073307
-0.42,795.05,1582701075302
-0.43,794.95,1582701077306
-0.42,795.05,1582701079371
-0.42,795.05,1582701081298
-0.41,795.10,1582701083523
-0.41,795.10,1582701085308
-0.41,795.10,1582701087372
-0.41,795.10,1582701089446
-0.41,795.10,1582701091355
-0.41,795.10,1582701093357
-0.43,794.95,1582701095302
-0.44,794.90,1582701097377
-0.41,795.10,1582701099343
-0.42,795.05,1582701101309
-0.42,795.05,1582701103352
-0.42,795.05,1582701105363
-0.42,795.05,1582701107433
-0.42,795.05,1582701109333
-0.42,795.05,1582701111379
-0.44,794.90,1582701113510
-0.42,795.05,1582701115398
-0.42,795.05,1582701117370
-0.45,794.80,1582701119382
-0.42,795.05,1582701121306
-0.41,795.10,1582701123377
-0.41,795.10,1582701125343
-0.41,795.10,1582701127295
-0.41,795.10,1582701129308
-0.41,795.10,1582701131455
-0.41,795.10,1582701133391
-0.41,795.10,1582701135367
-0.41,795.10,1582701137386
-0.43,795.00,1582701139376
-0.43,795.00,1582701141351
-0.43,795.00,1582701143493
-0.42,795.05,1582701145318
-0.41,795.10,1582701147365
-0.42,795.05,1582701149386
-0.42,795.05,1582701151298
-0.44,794.85,1582701153364
-0.43,795.00,1582701155381
-0.43,795.00,1582701157334
-0.44,794.85,1582701159337
-0.43,795.00,1582701161538
-0.43,795.00,1582701163407
-0.43,795.00,1582701165376
-0.43,795.00,1582701167325
-0.42,795.05,1582701169331
-0.42,795.05,1582701171367
-0.42,795.05,1582701173306
-0.43,795.00,1582701175383
-0.44,794.90,1582701177334
-0.43,795.00,1582701179395
-0.43,795.00,1582701181336
-0.41,795.10,1582701183369
-0.41,795.15,1582701185378
-0.38,795.40,1582701187349
-0.38,795.40,1582701189367
-0.41,795.15,1582701191310
-0.41,795.15,1582701193298
-0.39,795.30,1582701195389
-0.39,795.30,1582701197483
-0.39,795.30,1582701199366
-0.39,795.30,1582701201363
-0.40,795.20,1582701203312
-0.40,795.20,1582701205373
-0.40,795.20,1582701207320
-0.40,795.20,1582701209431
-0.40,795.20,1582701211348
-0.38,795.35,1582701213370
-0.38,795.35,1582701215295
-0.38,795.40,1582701217334
-0.38,795.35,1582701219368
-0.38,795.40,1582701221437
-0.38,795.40,1582701223328
-0.38,795.40,1582701225353
-0.38,795.40,1582701227325
-0.38,795.40,1582701229332
-0.38,795.40,1582701231364
-0.38,795.35,1582701233296
-0.38,795.40,1582701235305
-0.38,795.40,1582701237366
-0.38,795.40,1582701239295
-0.38,795.40,1582701241300
-0.38,795.40,1582701243365
-0.35,795.60,1582701245340
-0.35,795.60,1582701247297
-0.35,795.60,1582701249335
-0.34,795.65,1582701251374
-0.34,795.65,1582701253388
-0.34,795.65,1582701255353
-0.35,795.60,1582701257349
-0.34,795.70,1582701259364
-0.34,795.70,1582701261334
-0.34,795.70,1582701263482
-0.34,795.70,1582701265315
-0.33,795.75,1582701267316
-0.34,795.70,1582701269390
-0.33,795.75,1582701271312
-0.33,795.75,1582701273361
-0.33,795.75,1582701275432
-0.33,795.75,1582701277351
-0.34,795.70,1582701279362
-0.33,795.75,1582701281444
-0.33,795.75,1582701283361
-0.33,795.80,1582701285353
-0.33,795.80,1582701287303
-0.33,795.80,1582701289395
-0.33,795.80,1582701291360
-0.33,795.75,1582701293353
-0.33,795.75,1582701295365
-0.34,795.65,1582701297359
-0.34,795.65,1582701299328
-0.34,795.65,1582701301296
-0.33,795.75,1582701303363
-0.33,795.80,1582701305466
-0.32,795.85,1582701307330
-0.32,795.85,1582701309364
-0.31,795.90,1582701311424
-0.33,795.75,1582701313297
-0.31,795.90,1582701315376
-0.31,795.90,1582701317442
-0.33,795.75,1582701319317
-0.32,795.85,1582701321360
-0.32,795.85,1582701323363
-0.31,795.90,1582701325308
-0.34,795.70,1582701327332
-0.32,795.85,1582701329297
-0.33,795.80,1582701331300
-0.33,795.80,1582701333371
-0.33,795.75,1582701335296
-0.33,795.75,1582701337290
-0.33,795.75,1582701339292
-0.38,795.40,1582701341295
-0.36,795.50,1582701343289
-0.36,795.50,1582701345361
-0.38,795.40,1582701347402
-0.38,795.40,1582701349431
-0.38,795.40,1582701351345
-0.38,795.40,1582701353294
-0.38,795.40,1582701355332
-0.39,795.30,1582701357363
-0.38,795.40,1582701359355
-0.38,795.40,1582701361362
-0.36,795.55,1582701363364
-0.36,795.55,1582701365465
-0.31,795.90,1582701367312
-0.31,795.90,1582701369378
-0.31,795.90,1582701371343
-0.33,795.80,1582701373294
-0.33,795.80,1582701375331
-0.38,795.35,1582701377474
-0.49,794.50,1582701379326
-0.46,794.70,1582701381363
-0.46,794.70,1582701383309
-0.46,794.70,1582701385291
-0.46,794.70,1582701387365
-0.48,794.60,1582701389306
-0.48,794.60,1582701391288
-0.50,794.40,1582701393372
-0.51,794.35,1582701395407
-0.50,794.40,1582701397361
-0.51,794.35,1582701399368
-0.50,794.40,1582701401377
-0.50,794.40,1582701403375
-0.50,794.40,1582701405301
-0.50,794.40,1582701407291
-0.53,794.20,1582701409370
-0.52,794.25,1582701411329
-0.52,794.25,1582701413301
-0.53,794.20,1582701415330
-0.53,794.20,1582701417365
-0.53,794.20,1582701419480
-0.53,794.20,1582701421304
-0.53,794.15,1582701423297
-0.56,793.95,1582701425425
-0.55,794.00,1582701427353
-0.56,793.95,1582701429365
-0.56,793.95,1582701431320
-0.55,794.00,1582701433300
-0.55,794.00,1582701435361
-0.53,794.15,1582701437366
-0.53,794.15,1582701439382
-0.55,794.00,1582701441351
-0.54,794.05,1582701443316
-0.54,794.05,1582701445288
-0.54,794.05,1582701447342
-0.54,794.05,1582701449486
-0.57,793.85,1582701451382
-0.56,793.90,1582701453371
-0.53,794.15,1582701455371
-0.53,794.15,1582701457298
-0.52,794.25,1582701459329
-0.53,794.20,1582701461304
-0.51,794.30,1582701463330
-0.51,794.30,1582701465358
-0.51,794.30,1582701467328
-0.51,794.30,1582701469383
-0.49,794.50,1582701471360
-0.49,794.50,1582701473482
-0.48,794.60,1582701475288
-0.48,794.60,1582701477361
-0.48,794.60,1582701479474
-0.42,795.05,1582701481391
-0.38,795.40,1582701483328
-0.36,795.55,1582701485501
-0.34,795.65,1582701487287
-0.34,795.70,1582701489328
-0.33,795.80,1582701491342
-0.32,795.85,1582701493359
-0.31,795.90,1582701495363
-0.30,796.00,1582701497443
-0.30,796.00,1582701499323
-0.30,796.00,1582701501328
-0.30,796.00,1582701503499
-0.28,796.20,1582701505389
-0.28,796.20,1582701507327
-0.30,796.00,1582701509554
-0.30,796.00,1582701511339
-0.30,796.00,1582701513359
-0.28,796.20,1582701515384
-0.29,796.05,1582701517359
-0.30,796.00,1582701519333
-0.29,796.05,1582701521326
-0.29,796.05,1582701523327
-0.29,796.05,1582701525361
-0.29,796.05,1582701527427
-0.29,796.10,1582701529323
-0.30,796.00,1582701531361
-0.30,796.00,1582701533302
-0.29,796.10,1582701535346
-0.27,796.25,1582701537354
-0.27,796.25,1582701539317
-0.27,796.25,1582701541293
-0.28,796.20,1582701543363
-0.26,796.30,1582701545385
-0.28,796.15,1582701547329
-0.27,796.25,1582701549354
-0.26,796.35,1582701551463
-0.26,796.35,1582701553331
-0.26,796.35,1582701555346
-0.26,796.35,1582701557489
-0.26,796.35,1582701559374
-0.26,796.30,1582701561359
-0.26,796.35,1582701563495
-0.26,796.35,1582701565360
-0.25,796.40,1582701567322
-0.26,796.35,1582701569292
-0.25,796.40,1582701571283
-0.25,796.40,1582701573358
-0.25,796.40,1582701575527
-0.25,796.40,1582701577348
-0.25,796.40,1582701579341
-0.24,796.45,1582701581347
-0.24,796.45,1582701583373
-0.24,796.45,1582701585345
-0.24,796.50,1582701587451
-0.24,796.45,1582701589357
-0.24,796.50,1582701591366
-0.24,796.45,1582701593439
-0.23,796.55,1582701595336
-0.30,796.00,1582701597327
-0.24,796.50,1582701599330
-0.24,796.50,1582701601326
-0.19,796.85,1582701603327
-0.19,796.85,1582701605346
-0.18,797.00,1582701607285
-0.18,796.95,1582701609359
-0.18,797.00,1582701611360
-0.18,797.00,1582701613337
-0.19,796.90,1582701615326
-0.18,797.00,1582701617495
-0.18,797.00,1582701619323
-0.18,797.00,1582701621342
-0.18,797.00,1582701623394
-0.19,796.85,1582701625284
-0.18,796.95,1582701627371
-0.18,797.00,1582701629416
-0.21,796.70,1582701631363
-0.20,796.80,1582701633362
-0.23,796.60,1582701635430
-0.20,796.80,1582701637318
-0.19,796.90,1582701639328
-0.20,796.80,1582701641288
-0.20,796.80,1582701643371
-0.20,796.80,1582701645353
-0.18,796.95,1582701647482
-0.19,796.90,1582701649320
-0.19,796.90,1582701651354
-0.19,796.90,1582701653403
-0.21,796.75,1582701655292
-0.21,796.75,1582701657378
-0.19,796.90,1582701659325
-0.18,797.00,1582701661361
-0.21,796.75,1582701663329
-0.20,796.80,1582701665456
-0.18,797.00,1582701667319
-0.18,796.95,1582701669355
-0.19,796.90,1582701671293
-0.19,796.90,1582701673293
-0.18,797.00,1582701675281
-0.23,796.55,1582701677303
-0.16,797.10,1582701679292
-0.14,797.30,1582701681353
-0.13,797.40,1582701683557
-0.11,797.50,1582701685360
-0.13,797.35,1582701687320
-0.13,797.35,1582701689285
-0.09,797.65,1582701691384
-0.16,797.15,1582701693339
-0.17,797.05,1582701695365
-0.17,797.05,1582701697337
-0.16,797.10,1582701699324
-0.15,797.20,1582701701457
-0.12,797.45,1582701703353
-0.12,797.45,1582701705352
-0.12,797.45,1582701707308
-0.13,797.40,1582701709284
-0.13,797.40,1582701711352
-0.14,797.30,1582701713379
-0.13,797.40,1582701715359
-0.18,797.00,1582701717351
-0.12,797.45,1582701719307
-0.13,797.40,1582701721331
-0.11,797.55,1582701723324
-0.08,797.80,1582701725359
-0.08,797.80,1582701727322
-0.08,797.75,1582701729335
-0.02,798.25,1582701731450
-0.01,798.30,1582701733352
-0.01,798.30,1582701739324
-0.04,798.05,1582701741351
-0.04,798.05,1582701743385
-0.01,798.35,1582701747321
-0.01,798.35,1582701753323
-0.03,798.20,1582701755328
-0.01,798.35,1582701757291
-0.01,798.35,1582701759320
-0.03,798.20,1582701761550
-0.01,798.35,1582701763382
-0.03,798.20,1582701765348
-0.03,798.20,1582701767388
-0.04,798.10,1582701769295
-0.02,798.25,1582701771350
-0.04,798.10,1582701773430
-0.04,798.10,1582701775315
-0.04,798.10,1582701777359
-0.03,798.20,1582701779496
-0.05,798.00,1582701781342
-0.03,798.20,1582701783320
-0.05,798.00,1582701785456
-0.02,798.25,1582701787312
-0.05,798.00,1582701789277
-0.03,798.20,1582701791296
-0.02,798.25,1582701793342
-0.01,798.30,1582701795348
-0.05,798.00,1582701801322
-0.03,798.15,1582701803359
-0.03,798.15,1582701805351
-0.03,798.20,1582701807356
-0.05,798.00,1582701811291
-0.04,798.10,1582701813354
-0.04,798.10,1582701815481
-0.06,797.90,1582701817284
-0.04,798.05,1582701819277
-0.03,798.20,1582701821452
-0.03,798.20,1582701823278
-0.04,798.05,1582701825348
-0.05,798.00,1582701827361
-0.06,797.90,1582701829289
-0.05,798.00,1582701831355
-0.05,798.00,1582701833462
-0.04,798.10,1582701835337
-0.04,798.10,1582701837359
-0.04,798.10,1582701839450
-0.03,798.15,1582701841276
-0.04,798.05,1582701843319
-0.05,798.00,1582701845312
-0.06,797.95,1582701847285
-0.05,798.00,1582701849298
-0.03,798.20,1582701851299
-0.03,798.20,1582701853297
-0.03,798.15,1582701855338
-0.03,798.15,1582701861345
-0.03,798.20,1582701863445
-0.01,798.35,1582701865300
-0.02,798.25,1582701867351
-0.02,798.25,1582701871278
-0.03,798.20,1582701873346
-0.03,798.15,1582701875341
-0.03,798.15,1582701877353
-0.03,798.15,1582701879316
-0.01,798.30,1582701881402
-0.02,798.25,1582701883369
-0.03,798.15,1582701885335
-0.03,798.15,1582701887345
-0.05,798.00,1582701889282
-0.03,798.15,1582701891283
-0.03,798.20,1582701893305
-0.03,798.20,1582701895317
-0.02,798.25,1582701897344
-0.03,798.15,1582701899484
-0.06,797.95,1582701901278
-0.07,797.85,1582701903317
-0.07,797.85,1582701905332
-0.08,797.80,1582701907277
-0.05,798.00,1582701909349
-0.08,797.75,1582701911324
-0.11,797.50,1582701913343
-0.08,797.75,1582701915350
-0.06,797.90,1582701917435
-0.06,797.90,1582701919320
-0.03,798.20,1582701921317
-0.03,798.15,1582701923278
-0.03,798.15,1582701925377
-0.03,798.20,1582701927345
-0.03,798.20,1582701929367
-0.04,798.10,1582701931344
-0.06,797.95,1582701933358
-0.02,798.25,1582701935399
-0.03,798.15,1582701937334
-0.02,798.25,1582701939345
-0.02,798.25,1582701941383
-0.03,798.20,1582701943281
-0.02,798.25,1582701945287
-0.02,798.25,1582701947519
-0.03,798.20,1582701949294
-0.03,798.15,1582701951351
-0.08,797.75,1582701953417
-0.08,797.80,1582701955351
-0.11,797.50,1582701957314
-0.08,797.75,1582701959276
-0.08,797.75,1582701961374
-0.05,798.00,1582701963344
-0.03,798.15,1582701965377
-0.08,797.75,1582701967361
-0.08,797.80,1582701969344
-0.05,798.00,1582701971352
-0.06,797.95,1582701973318
-0.06,797.95,1582701975316
-0.05,798.00,1582701977286
-0.13,797.40,1582701979284
-0.24,796.50,1582701981324
-0.11,797.50,1582701983316
-0.11,797.50,1582701985323
-0.09,797.65,1582701987345
-0.06,797.95,1582701989449
-0.06,797.95,1582701991279
-0.08,797.75,1582701993349
-0.06,797.95,1582701995456
-0.07,797.85,1582701997283
-0.11,797.55,1582701999349
-0.13,797.35,1582702001374
-0.08,797.75,1582702003277
-0.11,797.50,1582702005347
-0.07,797.85,1582702007469
-0.10,797.60,1582702009278
-0.13,797.35,1582702011342
-0.12,797.45,1582702013286
-0.10,797.60,1582702015282
-0.11,797.50,1582702017350
-0.10,797.60,1582702019312
-0.04,798.05,1582702021305
-0.10,797.60,1582702023279
-0.10,797.60,1582702025277
-0.13,797.35,1582702027349
-0.11,797.50,1582702029358
-0.11,797.50,1582702031428
-0.09,797.70,1582702033269
-0.09,797.65,1582702035345
-0.13,797.35,1582702037317
-0.09,797.70,1582702039284
-0.11,797.55,1582702041291
-0.10,797.60,1582702043339
-0.11,797.55,1582702045393
-0.13,797.35,1582702047316
-0.11,797.55,1582702049273
-0.11,797.55,1582702051270
-0.11,797.55,1582702053341
-0.11,797.55,1582702055434
-0.13,797.40,1582702057304
-0.14,797.25,1582702059313
-0.11,797.50,1582702061312
-0.14,797.30,1582702063312
-0.15,797.20,1582702065329
-0.14,797.25,1582702067326
-0.14,797.25,1582702069325
-0.15,797.20,1582702071340
-0.12,797.45,1582702073273
-0.16,797.15,1582702075282
-0.16,797.15,1582702077324
-0.16,797.15,1582702079272
-0.14,797.25,1582702081281
-0.12,797.45,1582702083312
-0.12,797.45,1582702085362
-0.12,797.45,1582702087339
-0.12,797.45,1582702089342
-0.15,797.20,1582702091277
-0.15,797.20,1582702093346
-0.14,797.30,1582702095284
-0.14,797.30,1582702097497
-0.16,797.10,1582702099267
-0.14,797.25,1582702101290
-0.16,797.10,1582702103509
-0.17,797.05,1582702105427
-0.17,797.05,1582702107338
-0.18,797.00,1582702109482
-0.17,797.05,1582702111426
-0.16,797.15,1582702113403
-0.15,797.20,1582702115290
-0.15,797.20,1582702117279
-0.11,797.50,1582702119311
-0.06,797.95,1582702121301
-0.05,798.00,1582702123338
-0.05,798.00,1582702125336
-0.05,798.00,1582702127460
-0.08,797.75,1582702129265
-0.06,797.90,1582702131338
-0.08,797.75,1582702133444
-0.04,798.05,1582702135345
-0.06,797.95,1582702137279
-0.06,797.95,1582702139440
-0.07,797.85,1582702141266
-0.09,797.65,1582702143271
-0.08,797.75,1582702145345
-0.04,798.05,1582702147269
-0.02,798.25,1582702149339
-0.04,798.05,1582702151319
-0.09,797.70,1582702153348
-0.01,798.35,1582702155341
-0.04,798.05,1582702157274
-0.04,798.05,1582702159288
-0.05,798.00,1582702161341
-0.04,798.05,1582702163274
-0.04,798.10,1582702165349
-0.06,797.90,1582702167309
-0.04,798.05,1582702169453
-0.04,798.05,1582702171357
-0.03,798.15,1582702173309
-0.03,798.15,1582702175286
-0.03,798.15,1582702177303
-0.04,798.10,1582702179340
-0.03,798.20,1582702181378
-0.06,797.90,1582702183308
-0.05,798.00,1582702185335
-0.05,798.00,1582702187421
-0.05,798.00,1582702189336
-0.05,798.00,1582702191268
-0.07,797.85,1582702193375
-0.05,798.00,1582702195336
-0.06,797.95,1582702197336
-0.06,797.90,1582702199268
-0.05,798.00,1582702201343
-0.05,798.00,1582702203289
-0.06,797.90,1582702205358
-0.06,797.90,1582702207300
-0.05,798.00,1582702209336
-0.05,798.00,1582702211393
-0.06,797.95,1582702213367
-0.06,797.95,1582702215336
-0.09,797.65,1582702217409
-0.09,797.70,1582702219289
-0.07,797.85,1582702221302
-0.10,797.60,1582702223372
-0.11,797.50,1582702225309
-0.11,797.50,1582702227321
-0.11,797.50,1582702229473
-0.11,797.50,1582702231344
-0.15,797.20,1582702233272
-0.13,797.40,1582702235288
-0.11,797.50,1582702237277
-0.11,797.50,1582702239318
-0.11,797.50,1582702241440
-0.11,797.50,1582702243275
-0.11,797.50,1582702245288
-0.13,797.35,1582702247372
-0.14,797.25,1582702249277
-0.14,797.25,1582702251309
-0.14,797.25,1582702253439
-0.16,797.15,1582702255337
-0.15,797.20,1582702257324
-0.15,797.20,1582702259293
-0.14,797.25,1582702261380
-0.13,797.40,1582702263318
-0.14,797.25,1582702265465
-0.13,797.35,1582702267271
-0.18,797.00,1582702269301
-0.19,796.90,1582702271341
-0.21,796.75,1582702273286
-0.18,797.00,1582702275315
-0.18,797.00,1582702277264
-0.18,797.00,1582702279297
-0.19,796.85,1582702281261
-0.19,796.85,1582702283372
-0.19,796.90,1582702285299
-0.19,796.85,1582702287306
-0.19,796.90,1582702289289
-0.19,796.90,1582702291333
-0.19,796.85,1582702293321
-0.23,796.55,1582702295390
-0.23,796.55,1582702297274
-0.19,796.85,1582702299339
-0.22,796.65,1582702301503
-0.22,796.65,1582702303532
-0.26,796.35,1582702305333
-0.19,796.85,1582702307452
-0.24,796.50,1582702309265
-0.24,796.50,1582702311302
-0.24,796.50,1582702313367
-0.23,796.55,1582702315332
-0.24,796.45,1582702317303
-0.24,796.50,1582702319374
-0.20,796.80,1582702321260
-0.24,796.45,1582702323313
-0.24,796.45,1582702325336
-0.25,796.40,1582702327273
-0.24,796.50,1582702329302
-0.23,796.55,1582702331457
-0.23,796.55,1582702333274
-0.21,796.70,1582702335320
-0.23,796.55,1582702337277
-0.24,796.50,1582702339339
-0.24,796.50,1582702341319
-0.25,796.40,1582702343434
-0.25,796.40,1582702345277
-0.30,796.00,1582702347329
-0.27,796.25,1582702349297
-0.27,796.25,1582702351272
-0.27,796.25,1582702353272
-0.26,796.30,1582702355418
-0.26,796.30,1582702357262
-0.25,796.40,1582702359318
-0.29,796.10,1582702361405
-0.29,796.10,1582702363303
-0.29,796.10,1582702365321
-0.29,796.10,1582702367375
-0.29,796.05,1582702369302
-0.28,796.15,1582702371315
-0.29,796.05,1582702373382
-0.26,796.35,1582702375317
-0.26,796.35,1582702377329
-0.26,796.35,1582702379262
-0.24,796.50,1582702381397
-0.22,796.65,1582702383318
-0.23,796.55,1582702385422
-0.24,796.50,1582702387300
-0.28,796.20,1582702389305
-0.27,796.25,1582702391310
-0.30,796.00,1582702393354
-0.28,796.15,1582702395336
-0.28,796.15,1582702397470
-0.28,796.15,1582702399301
-0.26,796.35,1582702401298
-0.31,795.95,1582702403352
-0.31,795.95,1582702405331
-0.30,796.00,1582702407258
-0.26,796.35,1582702409299
-0.26,796.35,1582702411271
-0.26,796.35,1582702413269
-0.26,796.35,1582702415431
-0.26,796.35,1582702417299
-0.26,796.35,1582702419299
-0.26,796.30,1582702421261
-0.26,796.30,1582702423289
-0.26,796.30,1582702425315
-0.26,796.30,1582702427399
-0.28,796.20,1582702429257
-0.28,796.20,1582702431321
-0.28,796.20,1582702433261
-0.26,796.30,1582702435289
-0.26,796.35,1582702437301
-0.26,796.35,1582702439430
-0.28,796.20,1582702441259
-0.28,796.20,1582702443271
-0.24,796.50,1582702445423
-0.28,796.20,1582702447256
-0.28,796.20,1582702449328
-0.28,796.20,1582702451263
-0.26,796.35,1582702453261
-0.26,796.35,1582702455261
-0.28,796.20,1582702457430
-0.24,796.45,1582702459260
-0.24,796.45,1582702461267
-0.24,796.45,1582702463493
-0.24,796.45,1582702465275
-0.24,796.50,1582702467328
-0.24,796.50,1582702469429
-0.24,796.45,1582702471267
-0.24,796.45,1582702473278
-0.24,796.45,1582702475365
-0.24,796.50,1582702477256
-0.24,796.50,1582702479300
-0.26,796.35,1582702481273
-0.24,796.50,1582702483267
-0.24,796.50,1582702485300
-0.27,796.25,1582702487277
-0.29,796.10,1582702489266
-0.27,796.25,1582702491335
-0.29,796.10,1582702493303
-0.29,796.10,1582702495259
-0.28,796.15,1582702497312
-0.25,796.40,1582702499417
-0.24,796.50,1582702501259
-0.26,796.35,1582702503297
-0.24,796.50,1582702505480
-0.24,796.50,1582702507296
-0.24,796.50,1582702509310
-0.24,796.50,1582702511454
-0.24,796.50,1582702513353
-0.23,796.55,1582702515333
-0.22,796.65,1582702517294
-0.20,796.80,1582702519334
-0.19,796.90,1582702521325
-0.18,797.00,1582702523456
-0.18,797.00,1582702525332
-0.19,796.90,1582702527267
-0.18,797.00,1582702529505
-0.18,797.00,1582702531293
-0.19,796.90,1582702533298
-0.15,797.20,1582702535358
-0.15,797.20,1582702537294
-0.24,796.50,1582702539300
-0.18,796.95,1582702541349
-0.22,796.65,1582702543269
-0.20,796.80,1582702545325
-0.16,797.15,1582702547397
-0.18,797.00,1582702549277
-0.18,797.00,1582702551325
-0.18,797.00,1582702553421
-0.16,797.15,1582702555312
-0.16,797.15,1582702557310
-0.18,797.00,1582702559360
-0.15,797.20,1582702561331
-0.17,797.05,1582702563298
-0.18,797.00,1582702565453
-0.20,796.80,1582702567324
-0.21,796.75,1582702569295
-0.21,796.75,1582702571339
-0.23,796.60,1582702573299
-0.21,796.75,1582702575297
-0.24,796.50,1582702577375
-0.19,796.90,1582702579251
-0.22,796.65,1582702581332
-0.18,797.00,1582702583271
-0.18,797.00,1582702585270
-0.18,797.00,1582702587299
-0.18,796.95,1582702589304
-0.18,796.95,1582702591329
-0.18,796.95,1582702593308
-0.19,796.90,1582702595418
-0.19,796.90,1582702597291
-0.19,796.90,1582702599322
-0.19,796.90,1582702601336
-0.19,796.90,1582702603289
-0.19,796.85,1582702605332
-0.21,796.75,1582702607325
-0.21,796.70,1582702609298
-0.22,796.65,1582702611299
-0.22,796.65,1582702613426
-0.21,796.70,1582702615292
-0.21,796.70,1582702617325
-0.21,796.75,1582702619426
-0.16,797.15,1582702621277
-0.19,796.85,1582702623291
-0.21,796.70,1582702625396
-0.19,796.85,1582702627291
-0.19,796.85,1582702629292
-0.21,796.70,1582702631425
-0.19,796.85,1582702633259
-0.19,796.90,1582702635321
-0.19,796.90,1582702637290
-0.19,796.90,1582702639267
-0.18,796.95,1582702641319
-0.18,797.00,1582702643265
-0.23,796.60,1582702645323
-0.24,796.50,1582702647304
-0.19,796.85,1582702649391
-0.19,796.85,1582702651294
-0.23,796.60,1582702653294
-0.21,796.75,1582702655257
-0.19,796.85,1582702657251
-0.21,796.70,1582702659286
-0.21,796.75,1582702661463
-0.22,796.65,1582702663259
-0.21,796.70,1582702665319
-0.21,796.70,1582702667424
-0.22,796.65,1582702669291
-0.24,796.50,1582702671292
-0.24,796.50,1582702673257
-0.22,796.65,1582702675252
-0.21,796.70,1582702677282
-0.22,796.65,1582702679301
-0.21,796.75,1582702681287
-0.24,796.50,1582702683291
-0.23,796.60,1582702685325
-0.21,796.70,1582702687278
-0.23,796.60,1582702689291
-0.21,796.70,1582702691510
-0.23,796.60,1582702693328
-0.21,796.70,1582702695322
-0.22,796.65,1582702697256
-0.21,796.70,1582702699253
-0.21,796.70,1582702701257
-0.24,796.50,1582702703397
-0.24,796.50,1582702705273
-0.23,796.60,1582702707306
-0.23,796.60,1582702709322
-0.21,796.70,1582702711251
-0.21,796.70,1582702713302
-0.22,796.65,1582702715390
-0.23,796.60,1582702717270
-0.24,796.50,1582702719323
-0.28,796.20,1582702721486
-0.23,796.55,1582702723252
-0.25,796.40,1582702725292
-0.25,796.40,1582702727337
-0.25,796.40,1582702729318
-0.23,796.55,1582702731289
-0.25,796.40,1582702733387
-0.23,796.55,1582702735273
-0.22,796.65,1582702737294
-0.22,796.65,1582702739338
-0.19,796.85,1582702741250
-0.20,796.80,1582702743292
-0.18,796.95,1582702745296
-0.18,797.00,1582702747251
-0.16,797.15,1582702749291
-0.16,797.15,1582702751458
-0.16,797.15,1582702753289
-0.15,797.20,1582702755321
-0.15,797.20,1582702757253
-0.15,797.20,1582702759292
-0.14,797.25,1582702761290
-0.16,797.15,1582702763422
-0.16,797.15,1582702765266
-0.17,797.05,1582702767318
-0.17,797.05,1582702769251
-0.16,797.10,1582702771288
-0.19,796.85,1582702773284
-0.20,796.80,1582702775408
